Agents,Objects,Phi,Sample,UMinEF1_Solution,GRB-UMinEF1-Time,UMinPO1_Solution,GRB-UMinPO1-Time,DP-UMinPO1-Time,DP-UMinEF1-Time
2,2,0.5,0,1,0.009533882141113281,1,0.0029370784759521484,0.0010080337524414062,0.00014281272888183594
2,2,0.5,1,1,0.0018432140350341797,1,0.0027451515197753906,0.0007491111755371094,0.00014209747314453125
2,2,0.5,2,1,0.0015952587127685547,1,0.0018122196197509766,0.0006628036499023438,0.00012803077697753906
2,2,0.5,3,1,0.001374959945678711,1,0.0018661022186279297,0.0006608963012695312,0.00013303756713867188
2,2,0.5,4,1,0.0018241405487060547,1,0.0019462108612060547,0.0006380081176757812,0.0001220703125
2,2,0.5,5,1,0.0013492107391357422,1,0.0018279552459716797,0.0006358623504638672,0.00012183189392089844
2,2,0.5,6,1,0.0013408660888671875,1,0.0018873214721679688,0.0006449222564697266,0.00012493133544921875
2,2,0.5,7,1,0.0014400482177734375,1,0.002071857452392578,0.0006701946258544922,0.00013303756713867188
2,2,0.5,8,1,0.001316070556640625,1,0.0016717910766601562,0.0006880760192871094,0.00012493133544921875
2,2,0.5,9,1,0.0012209415435791016,1,0.0016021728515625,0.0005600452423095703,0.00011610984802246094
2,2,0.5,10,1,0.001238107681274414,1,0.0016109943389892578,0.0005671977996826172,0.00011587142944335938
2,2,0.5,11,1,0.0013589859008789062,1,0.0017490386962890625,0.0005807876586914062,0.00011110305786132812
2,2,0.5,12,1,0.001293182373046875,1,0.0018908977508544922,0.0006208419799804688,0.0001380443572998047
2,2,0.5,13,1,0.0013120174407958984,1,0.0017290115356445312,0.0005888938903808594,0.00011801719665527344
2,2,0.5,14,1,0.0012440681457519531,1,0.0015370845794677734,0.0005910396575927734,0.00011014938354492188
2,2,0.5,15,1,0.0011401176452636719,1,0.0014052391052246094,0.0004901885986328125,0.0001049041748046875
2,2,0.5,16,1,0.0010559558868408203,1,0.0013577938079833984,0.0004718303680419922,9.822845458984375e-05
2,2,0.5,17,1,0.0010402202606201172,1,0.0014579296112060547,0.0005450248718261719,0.00010013580322265625
2,2,0.5,18,1,0.0011167526245117188,1,0.0014739036560058594,0.0005388259887695312,9.894371032714844e-05
2,2,0.5,19,1,0.0011000633239746094,1,0.0014309883117675781,0.00047898292541503906,0.00012993812561035156
2,2,0.5,20,1,0.001110076904296875,1,0.0015208721160888672,0.0005068778991699219,9.918212890625e-05
2,2,0.5,21,1,0.0011000633239746094,1,0.001428365707397461,0.0004968643188476562,0.00010585784912109375
2,2,0.5,22,1,0.0010988712310791016,1,0.0014216899871826172,0.0005309581756591797,0.0001049041748046875
2,2,0.5,23,1,0.0010590553283691406,1,0.0015649795532226562,0.0007100105285644531,0.00011181831359863281
2,2,0.5,24,1,0.0011699199676513672,1,0.0015490055084228516,0.0005600452423095703,0.00010395050048828125
2,2,0.5,25,1,0.0016498565673828125,1,0.0016109943389892578,0.0005540847778320312,0.00011587142944335938
2,2,0.5,26,1,0.0010881423950195312,1,0.0017628669738769531,0.0005581378936767578,0.0001049041748046875
2,2,0.5,27,1,0.0012836456298828125,1,0.001653909683227539,0.0005788803100585938,0.00010919570922851562
2,2,0.5,28,1,0.0011680126190185547,1,0.0015668869018554688,0.0006659030914306641,0.00011587142944335938
2,2,0.5,29,1,0.0012309551239013672,1,0.001596212387084961,0.0005362033843994141,0.00011610984802246094
2,2,0.5,30,1,0.0013229846954345703,1,0.001483917236328125,0.000576019287109375,0.00010204315185546875
2,2,0.5,31,1,0.0011529922485351562,1,0.0014569759368896484,0.0005090236663818359,0.00010013580322265625
2,2,0.5,32,1,0.0010528564453125,1,0.001367807388305664,0.0004858970642089844,9.799003601074219e-05
2,2,0.5,33,1,0.0011258125305175781,1,0.0014071464538574219,0.0004968643188476562,9.918212890625e-05
2,2,0.5,34,1,0.0011241436004638672,1,0.0013990402221679688,0.0005249977111816406,0.00010704994201660156
2,2,0.5,35,1,0.0010752677917480469,1,0.0014090538024902344,0.0005099773406982422,0.0001010894775390625
2,2,0.5,36,1,0.0010728836059570312,1,0.001361846923828125,0.0005030632019042969,0.00010609626770019531
2,2,0.5,37,1,0.0010418891906738281,1,0.0013632774353027344,0.0004870891571044922,0.0001049041748046875
2,2,0.5,38,1,0.0010371208190917969,1,0.0013611316680908203,0.0005927085876464844,0.00010704994201660156
2,2,0.5,39,1,0.00115203857421875,1,0.0014278888702392578,0.0006029605865478516,0.00010609626770019531
2,2,0.5,40,1,0.0011982917785644531,1,0.0014462471008300781,0.0004899501800537109,0.00010609626770019531
2,2,0.5,41,1,0.0011210441589355469,1,0.0015261173248291016,0.0005209445953369141,0.00015282630920410156
2,2,0.5,42,1,0.0010900497436523438,1,0.0015249252319335938,0.0005478858947753906,9.894371032714844e-05
2,2,0.5,43,1,0.0010790824890136719,1,0.001432180404663086,0.0004940032958984375,0.00010514259338378906
2,2,0.5,44,1,0.0012211799621582031,1,0.0014538764953613281,0.0005197525024414062,0.00010824203491210938
2,2,0.5,45,1,0.0011868476867675781,1,0.0014159679412841797,0.0005419254302978516,0.0001049041748046875
2,2,0.5,46,1,0.001127004623413086,1,0.0014300346374511719,0.0004899501800537109,9.894371032714844e-05
2,2,0.5,47,1,0.001096963882446289,1,0.0014629364013671875,0.0005950927734375,9.894371032714844e-05
2,2,0.5,48,1,0.0010862350463867188,1,0.0018558502197265625,0.0005681514739990234,0.00011181831359863281
2,2,0.5,49,1,0.0011911392211914062,1,0.0016677379608154297,0.0006749629974365234,0.00018787384033203125
2,2,0.75,0,1,0.0011930465698242188,1,0.0014379024505615234,0.0006511211395263672,0.00010800361633300781
2,2,0.75,1,1,0.0011339187622070312,1,0.0018367767333984375,0.00055694580078125,0.0002460479736328125
2,2,0.75,2,1,0.0012810230255126953,1,0.0017521381378173828,0.0005578994750976562,0.00011014938354492188
2,2,0.75,3,1,0.0013082027435302734,1,0.0016279220581054688,0.0006611347198486328,0.00010895729064941406
2,2,0.75,4,1,0.0014309883117675781,1,0.0016939640045166016,0.0006971359252929688,0.00012493133544921875
2,2,0.75,5,1,0.0015799999237060547,1,0.001847982406616211,0.0006458759307861328,0.00012302398681640625
2,2,0.75,6,1,0.0012810230255126953,1,0.0018000602722167969,0.0006220340728759766,0.00013208389282226562
2,2,0.75,7,1,0.0013179779052734375,1,0.0016252994537353516,0.0005948543548583984,0.00011587142944335938
2,2,0.75,8,1,0.001318216323852539,1,0.001641988754272461,0.0006022453308105469,0.00011873245239257812
2,2,0.75,9,1,0.0014269351959228516,1,0.0017428398132324219,0.0006020069122314453,0.00011682510375976562
2,2,0.75,10,1,0.0012230873107910156,1,0.0015790462493896484,0.0006098747253417969,0.00011610984802246094
2,2,0.75,11,1,0.0012409687042236328,1,0.0015878677368164062,0.0006930828094482422,0.00014519691467285156
2,2,0.75,12,1,0.0012209415435791016,1,0.0015370845794677734,0.0006310939788818359,0.00012087821960449219
2,2,0.75,13,1,0.0010840892791748047,1,0.0016498565673828125,0.0006718635559082031,0.00010538101196289062
2,2,0.75,14,1,0.0010671615600585938,1,0.0014309883117675781,0.0005209445953369141,0.00010704994201660156
2,2,0.75,15,1,0.0011267662048339844,1,0.001377105712890625,0.0004968643188476562,0.0001049041748046875
2,2,0.75,16,1,0.0010991096496582031,1,0.0015079975128173828,0.0004992485046386719,9.870529174804688e-05
2,2,0.75,17,1,0.0010488033294677734,1,0.0013759136199951172,0.0005180835723876953,0.00010204315185546875
2,2,0.75,18,1,0.0010609626770019531,1,0.0013549327850341797,0.00048470497131347656,9.703636169433594e-05
2,2,0.75,19,1,0.0010738372802734375,1,0.0014829635620117188,0.0004949569702148438,0.0001049041748046875
2,2,0.75,20,1,0.0011119842529296875,1,0.0013909339904785156,0.0004887580871582031,0.00010395050048828125
2,2,0.75,21,1,0.0010769367218017578,1,0.0013890266418457031,0.0006458759307861328,0.00010514259338378906
2,2,0.75,22,1,0.0012140274047851562,1,0.0014929771423339844,0.0005059242248535156,9.918212890625e-05
2,2,0.75,23,1,0.0010678768157958984,1,0.0013666152954101562,0.00048470497131347656,9.822845458984375e-05
2,2,0.75,24,1,0.0010709762573242188,1,0.001422882080078125,0.0005979537963867188,0.00010323524475097656
2,2,0.75,25,1,0.0010786056518554688,1,0.0013697147369384766,0.0004992485046386719,0.0001049041748046875
2,2,0.75,26,1,0.001043081283569336,1,0.0014119148254394531,0.0005841255187988281,0.0001220703125
2,2,0.75,27,1,0.0012600421905517578,1,0.0017406940460205078,0.0006814002990722656,0.00010418891906738281
2,2,0.75,28,1,0.0011110305786132812,1,0.0013780593872070312,0.0004990100860595703,0.0001049041748046875
2,2,0.75,29,1,0.0010728836059570312,1,0.0015130043029785156,0.0005638599395751953,0.00011610984802246094
2,2,0.75,30,1,0.0010838508605957031,1,0.001435995101928711,0.0005209445953369141,0.00010800361633300781
2,2,0.75,31,1,0.0010821819305419922,1,0.0013701915740966797,0.0004968643188476562,0.00010585784912109375
2,2,0.75,32,1,0.0010519027709960938,1,0.0013778209686279297,0.0004780292510986328,0.00010085105895996094
2,2,0.75,33,1,0.0011248588562011719,1,0.0015010833740234375,0.0005581378936767578,0.00010991096496582031
2,2,0.75,34,1,0.0010790824890136719,1,0.001438140869140625,0.0005259513854980469,0.00010204315185546875
2,2,0.75,35,1,0.0010900497436523438,1,0.0013620853424072266,0.0005190372467041016,9.894371032714844e-05
2,2,0.75,36,1,0.0010380744934082031,1,0.0013420581817626953,0.0005381107330322266,0.00010991096496582031
2,2,0.75,37,1,0.0010638236999511719,1,0.0013566017150878906,0.0004999637603759766,0.0001049041748046875
2,2,0.75,38,1,0.0010287761688232422,1,0.0013492107391357422,0.0004961490631103516,0.00010418891906738281
2,2,0.75,39,1,0.0010459423065185547,1,0.0013458728790283203,0.000476837158203125,9.703636169433594e-05
2,2,0.75,40,1,0.0010209083557128906,1,0.0013298988342285156,0.0004730224609375,9.608268737792969e-05
2,2,0.75,41,1,0.0010330677032470703,1,0.0013511180877685547,0.0004949569702148438,0.00010538101196289062
2,2,0.75,42,1,0.0010378360748291016,1,0.00136566162109375,0.0005040168762207031,0.0001068115234375
2,2,0.75,43,1,0.0010352134704589844,1,0.001338958740234375,0.0004940032958984375,0.00010704994201660156
2,2,0.75,44,1,0.00113677978515625,1,0.0014379024505615234,0.0004999637603759766,0.00023484230041503906
2,2,0.75,45,1,0.0010402202606201172,1,0.0013370513916015625,0.0004870891571044922,9.799003601074219e-05
2,2,0.75,46,1,0.0010218620300292969,1,0.0013318061828613281,0.0004818439483642578,0.00010824203491210938
2,2,0.75,47,1,0.00102996826171875,1,0.0013439655303955078,0.0004799365997314453,9.799003601074219e-05
2,2,0.75,48,1,0.0010230541229248047,1,0.0014271736145019531,0.0004909038543701172,0.00010609626770019531
2,2,0.75,49,1,0.0010828971862792969,1,0.0013811588287353516,0.0005121231079101562,0.00010585784912109375
2,2,1.0,0,1,0.0010650157928466797,1,0.0013680458068847656,0.0004918575286865234,9.989738464355469e-05
2,2,1.0,1,1,0.0011110305786132812,1,0.0014481544494628906,0.0004987716674804688,9.918212890625e-05
2,2,1.0,2,1,0.0010328292846679688,1,0.0013518333435058594,0.0004801750183105469,9.703636169433594e-05
2,2,1.0,3,1,0.001363992691040039,1,0.0017893314361572266,0.000576019287109375,0.00010704994201660156
2,2,1.0,4,1,0.0011661052703857422,1,0.0013880729675292969,0.0005297660827636719,0.00010704994201660156
2,2,1.0,5,1,0.0011091232299804688,1,0.0016179084777832031,0.0005929470062255859,0.00010204315185546875
2,2,1.0,6,1,0.0012497901916503906,1,0.0014591217041015625,0.0005350112915039062,0.00010085105895996094
2,2,1.0,7,1,0.0010950565338134766,1,0.0013842582702636719,0.0005078315734863281,0.0001010894775390625
2,2,1.0,8,1,0.0011219978332519531,1,0.001505136489868164,0.0005180835723876953,0.00010609626770019531
2,2,1.0,9,1,0.0010941028594970703,1,0.0014557838439941406,0.0005009174346923828,9.989738464355469e-05
2,2,1.0,10,1,0.001068115234375,1,0.0013670921325683594,0.0005409717559814453,0.00011515617370605469
2,2,1.0,11,1,0.0011000633239746094,1,0.0014739036560058594,0.0005049705505371094,9.894371032714844e-05
2,2,1.0,12,1,0.0010597705841064453,1,0.0013568401336669922,0.0004858970642089844,9.703636169433594e-05
2,2,1.0,13,1,0.0010912418365478516,1,0.0014619827270507812,0.0005638599395751953,0.00011897087097167969
2,2,1.0,14,1,0.0011060237884521484,1,0.001415252685546875,0.0005280971527099609,0.0001010894775390625
2,2,1.0,15,1,0.0010881423950195312,1,0.001438140869140625,0.0005860328674316406,0.00010395050048828125
2,2,1.0,16,1,0.0011167526245117188,1,0.001483917236328125,0.0005350112915039062,0.00010204315185546875
2,2,1.0,17,1,0.0010769367218017578,1,0.0013990402221679688,0.0005071163177490234,9.894371032714844e-05
2,2,1.0,18,1,0.0010807514190673828,1,0.0013837814331054688,0.0009081363677978516,9.989738464355469e-05
2,2,1.0,19,1,0.001077890396118164,1,0.0014600753784179688,0.0005211830139160156,0.00010180473327636719
2,2,1.0,20,1,0.0010938644409179688,1,0.0013871192932128906,0.0005171298980712891,0.00010800361633300781
2,2,1.0,21,1,0.0010979175567626953,1,0.0014011859893798828,0.000492095947265625,0.00013303756713867188
2,2,1.0,22,1,0.0010950565338134766,1,0.0013899803161621094,0.0005128383636474609,0.00010013580322265625
2,2,1.0,23,1,0.0010509490966796875,1,0.0013642311096191406,0.00048804283142089844,0.00010800361633300781
2,2,1.0,24,1,0.0011548995971679688,1,0.0013849735260009766,0.0005471706390380859,0.00010085105895996094
2,2,1.0,25,1,0.0010957717895507812,1,0.001422882080078125,0.0005002021789550781,9.799003601074219e-05
2,2,1.0,26,1,0.001081228256225586,1,0.0013780593872070312,0.0005021095275878906,0.00010609626770019531
2,2,1.0,27,1,0.0010440349578857422,1,0.0013840198516845703,0.0004928112030029297,0.00010323524475097656
2,2,1.0,28,1,0.001043081283569336,1,0.0014278888702392578,0.0005571842193603516,0.00010395050048828125
2,2,1.0,29,1,0.0011928081512451172,1,0.0015118122100830078,0.0005538463592529297,0.00010323524475097656
2,2,1.0,30,1,0.001196146011352539,1,0.0014519691467285156,0.0005340576171875,0.00010085105895996094
2,2,1.0,31,1,0.0010921955108642578,1,0.0015349388122558594,0.0005199909210205078,9.989738464355469e-05
2,2,1.0,32,1,0.0011260509490966797,1,0.0014011859893798828,0.0005052089691162109,0.00015997886657714844
2,2,1.0,33,1,0.001065969467163086,1,0.001361846923828125,0.0005078315734863281,0.00010609626770019531
2,2,1.0,34,1,0.0010340213775634766,1,0.001341104507446289,0.0005068778991699219,0.00010585784912109375
2,2,1.0,35,1,0.0010721683502197266,1,0.0014178752899169922,0.0005412101745605469,0.00011086463928222656
2,2,1.0,36,1,0.0010848045349121094,1,0.001374959945678711,0.0004930496215820312,9.870529174804688e-05
2,2,1.0,37,1,0.0010640621185302734,1,0.001355886459350586,0.0004942417144775391,0.0001049041748046875
2,2,1.0,38,1,0.0010340213775634766,1,0.001354217529296875,0.0004887580871582031,9.965896606445312e-05
2,2,1.0,39,1,0.0010409355163574219,1,0.0013580322265625,0.0005021095275878906,9.799003601074219e-05
2,2,1.0,40,1,0.0010519027709960938,1,0.0013589859008789062,0.0004849433898925781,0.00010395050048828125
2,2,1.0,41,1,0.0011110305786132812,1,0.0014030933380126953,0.0005152225494384766,0.00010704994201660156
2,2,1.0,42,1,0.0010900497436523438,1,0.0013949871063232422,0.0006210803985595703,0.00011110305786132812
2,2,1.0,43,1,0.0010590553283691406,1,0.0013740062713623047,0.0004973411560058594,0.00010704994201660156
2,2,1.0,44,1,0.001050710678100586,1,0.0013959407806396484,0.0004968643188476562,0.00010609626770019531
2,2,1.0,45,1,0.0010480880737304688,1,0.001390218734741211,0.0004949569702148438,0.00010704994201660156
2,2,1.0,46,1,0.0010640621185302734,1,0.0014891624450683594,0.0005040168762207031,0.00010800361633300781
2,2,1.0,47,1,0.0011670589447021484,1,0.0013911724090576172,0.0004899501800537109,9.703636169433594e-05
2,2,1.0,48,1,0.0010721683502197266,1,0.001447916030883789,0.0004937648773193359,0.00010609626770019531
2,2,1.0,49,1,0.0010409355163574219,1,0.00133514404296875,0.0004801750183105469,9.703636169433594e-05
3,3,0.5,0,1,0.003947019577026367,1,0.003715038299560547,0.0008690357208251953,0.0003848075866699219
3,3,0.5,1,1,0.0033957958221435547,1,0.003326892852783203,0.0008261203765869141,0.0004661083221435547
3,3,0.5,2,1,0.0031609535217285156,1,0.0024421215057373047,0.0007779598236083984,0.0004646778106689453
3,3,0.5,3,1,0.0027730464935302734,1,0.0024499893188476562,0.0007097721099853516,0.0004489421844482422
3,3,0.5,4,1,0.0030879974365234375,1,0.0029578208923339844,0.0007810592651367188,0.0004620552062988281
3,3,0.5,5,1,0.0032749176025390625,1,0.0024559497833251953,0.0007798671722412109,0.0004620552062988281
3,3,0.5,6,1,0.0030050277709960938,1,0.0025680065155029297,0.0007982254028320312,0.00046324729919433594
3,3,0.5,7,1,0.003019094467163086,1,0.0028998851776123047,0.0007600784301757812,0.0005509853363037109
3,3,0.5,8,1,0.0030078887939453125,1,0.002463102340698242,0.0008089542388916016,0.0004611015319824219
3,3,0.5,9,1,0.003756999969482422,1,0.00255584716796875,0.0007951259613037109,0.00045990943908691406
3,3,0.5,10,1,0.0029909610748291016,1,0.003091096878051758,0.0008401870727539062,0.0004680156707763672
3,3,0.5,11,1,0.0032057762145996094,1,0.0028901100158691406,0.0007412433624267578,0.00037980079650878906
3,3,0.5,12,1,0.0032269954681396484,1,0.0029108524322509766,0.0008120536804199219,0.0004608631134033203
3,3,0.5,13,1,0.0031762123107910156,1,0.0028488636016845703,0.0007829666137695312,0.0004611015319824219
3,3,0.5,14,1,0.003047943115234375,1,0.0025038719177246094,0.0008258819580078125,0.0004532337188720703
3,3,0.5,15,1,0.0037450790405273438,1,0.0028150081634521484,0.0009288787841796875,0.00047278404235839844
3,3,0.5,16,1,0.003718137741088867,1,0.003299713134765625,0.0010671615600585938,0.0005409717559814453
3,3,0.5,17,1,0.004016876220703125,1,0.0034110546112060547,0.001074075698852539,0.0005478858947753906
3,3,0.5,18,1,0.003560781478881836,1,0.003203868865966797,0.0010089874267578125,0.0006198883056640625
3,3,0.5,19,1,0.0033979415893554688,1,0.0027310848236083984,0.0007648468017578125,0.0004673004150390625
3,3,0.5,20,1,0.0035779476165771484,1,0.0029702186584472656,0.0008749961853027344,0.000453948974609375
3,3,0.5,21,1,0.003160238265991211,1,0.0027468204498291016,0.0008428096771240234,0.00045680999755859375
3,3,0.5,22,1,0.0032100677490234375,1,0.002622842788696289,0.0008249282836914062,0.00045108795166015625
3,3,0.5,23,1,0.0030012130737304688,1,0.002665996551513672,0.0007841587066650391,0.0005059242248535156
3,3,0.5,24,1,0.003220081329345703,1,0.002962827682495117,0.0008697509765625,0.00048089027404785156
3,3,0.5,25,1,0.003038167953491211,1,0.002768993377685547,0.0007927417755126953,0.0004611015319824219
3,3,0.5,26,1,0.002974987030029297,1,0.0025076866149902344,0.0008831024169921875,0.0004661083221435547
3,3,0.5,27,1,0.003340005874633789,1,0.0026221275329589844,0.0008502006530761719,0.0004820823669433594
3,3,0.5,28,1,0.0034770965576171875,1,0.0029282569885253906,0.0008139610290527344,0.0004911422729492188
3,3,0.5,29,1,0.0030028820037841797,1,0.002496004104614258,0.0009121894836425781,0.0004730224609375
3,3,0.5,30,1,0.003721952438354492,1,0.0027251243591308594,0.0008330345153808594,0.0004570484161376953
3,3,0.5,31,1,0.0031130313873291016,1,0.002566099166870117,0.0007739067077636719,0.0005030632019042969
3,3,0.5,32,1,0.003117084503173828,1,0.0030057430267333984,0.0008718967437744141,0.000453948974609375
3,3,0.5,33,1,0.002975940704345703,1,0.0026521682739257812,0.0007817745208740234,0.0005030632019042969
3,3,0.5,34,1,0.002974987030029297,1,0.0029158592224121094,0.0008130073547363281,0.00045800209045410156
3,3,0.5,35,1,0.003198862075805664,1,0.002517223358154297,0.0007648468017578125,0.00036787986755371094
3,3,0.5,36,1,0.0030388832092285156,1,0.0025300979614257812,0.0008549690246582031,0.0005040168762207031
3,3,0.5,37,1,0.0032150745391845703,1,0.0029489994049072266,0.0008640289306640625,0.0005018711090087891
3,3,0.5,38,1,0.003076791763305664,1,0.0025882720947265625,0.0008668899536132812,0.0004570484161376953
3,3,0.5,39,1,0.0035011768341064453,1,0.003371000289916992,0.0008089542388916016,0.00037384033203125
3,3,0.5,40,1,0.0033288002014160156,1,0.002568960189819336,0.0008268356323242188,0.0004668235778808594
3,3,0.5,41,1,0.0033140182495117188,1,0.0028848648071289062,0.0008020401000976562,0.0004620552062988281
3,3,0.5,42,1,0.003367185592651367,1,0.0024819374084472656,0.0008242130279541016,0.0004699230194091797
3,3,0.5,43,1,0.003278970718383789,1,0.0024940967559814453,0.0007741451263427734,0.0004570484161376953
3,3,0.5,44,1,0.003015279769897461,1,0.002527952194213867,0.0007810592651367188,0.0004589557647705078
3,3,0.5,45,1,0.003058910369873047,1,0.002627134323120117,0.0007898807525634766,0.00046062469482421875
3,3,0.5,46,1,0.0030138492584228516,1,0.00244903564453125,0.0007500648498535156,0.0004527568817138672
3,3,0.5,47,1,0.0031609535217285156,1,0.0028667449951171875,0.0007469654083251953,0.000370025634765625
3,3,0.5,48,1,0.0030341148376464844,1,0.0027518272399902344,0.0007350444793701172,0.00037288665771484375
3,3,0.5,49,1,0.0030226707458496094,1,0.002535104751586914,0.0007259845733642578,0.0003790855407714844
3,3,0.75,0,1,0.0029511451721191406,1,0.0028018951416015625,0.0007658004760742188,0.00045800209045410156
3,3,0.75,1,1,0.0029458999633789062,1,0.0024220943450927734,0.0008158683776855469,0.00046706199645996094
3,3,0.75,2,1,0.0033111572265625,1,0.002891063690185547,0.0008111000061035156,0.00045990943908691406
3,3,0.75,3,1,0.003618001937866211,1,0.002669095993041992,0.0009019374847412109,0.00046062469482421875
3,3,0.75,4,1,0.003061056137084961,1,0.0027701854705810547,0.0008578300476074219,0.00045418739318847656
3,3,0.75,5,1,0.002916097640991211,1,0.002441883087158203,0.0007338523864746094,0.0004830360412597656
3,3,0.75,6,1,0.0033059120178222656,1,0.0026717185974121094,0.0007939338684082031,0.00045800209045410156
3,3,0.75,7,1,0.0032987594604492188,1,0.002832174301147461,0.0008769035339355469,0.0004601478576660156
3,3,0.75,8,1,0.0036232471466064453,1,0.0025708675384521484,0.0008258819580078125,0.0005800724029541016
3,3,0.75,9,1,0.003031015396118164,1,0.0027399063110351562,0.0008561611175537109,0.0004601478576660156
3,3,0.75,10,1,0.0030498504638671875,1,0.0028760433197021484,0.0008959770202636719,0.0004563331604003906
3,3,0.75,11,1,0.003448009490966797,1,0.002830982208251953,0.00090789794921875,0.0005941390991210938
3,3,0.75,12,1,0.0031402111053466797,1,0.002808809280395508,0.0008623600006103516,0.0004589557647705078
3,3,0.75,13,1,0.0030879974365234375,1,0.002458810806274414,0.0008070468902587891,0.0004570484161376953
3,3,0.75,14,1,0.002925872802734375,1,0.0030450820922851562,0.0008687973022460938,0.00039076805114746094
3,3,0.75,15,1,0.0031249523162841797,1,0.0031528472900390625,0.0008287429809570312,0.00047588348388671875
3,3,0.75,16,1,0.003462076187133789,1,0.002583026885986328,0.0008788108825683594,0.00046515464782714844
3,3,0.75,17,1,0.0037271976470947266,1,0.0026869773864746094,0.0008351802825927734,0.0004601478576660156
3,3,0.75,18,1,0.0028629302978515625,1,0.002404928207397461,0.0007481575012207031,0.00036978721618652344
3,3,0.75,19,1,0.0029649734497070312,1,0.0027070045471191406,0.0008900165557861328,0.00045490264892578125
3,3,0.75,20,1,0.002959728240966797,1,0.002756834030151367,0.0009610652923583984,0.00048470497131347656
3,3,0.75,21,1,0.0035169124603271484,1,0.0030667781829833984,0.00090789794921875,0.00047087669372558594
3,3,0.75,22,1,0.0036029815673828125,1,0.0028181076049804688,0.0009121894836425781,0.00046896934509277344
3,3,0.75,23,1,0.003663778305053711,1,0.0028657913208007812,0.0008311271667480469,0.0005140304565429688
3,3,0.75,24,1,0.0035200119018554688,1,0.0030791759490966797,0.0010790824890136719,0.0003871917724609375
3,3,0.75,25,1,0.003442049026489258,1,0.002875089645385742,0.0008769035339355469,0.00047206878662109375
3,3,0.75,26,1,0.0035839080810546875,1,0.003918170928955078,0.0009970664978027344,0.00049591064453125
3,3,0.75,27,1,0.004914283752441406,1,0.0038051605224609375,0.0011372566223144531,0.0005543231964111328
3,3,0.75,28,1,0.004345893859863281,1,0.003567934036254883,0.001110076904296875,0.0005600452423095703
3,3,0.75,29,1,0.003782033920288086,1,0.0028562545776367188,0.0009417533874511719,0.0005381107330322266
3,3,0.75,30,1,0.0040247440338134766,1,0.0031480789184570312,0.0009329319000244141,0.0004930496215820312
3,3,0.75,31,1,0.0032079219818115234,1,0.002546072006225586,0.0008337497711181641,0.00046634674072265625
3,3,0.75,32,1,0.003103017807006836,1,0.002500772476196289,0.0008118152618408203,0.00045990943908691406
3,3,0.75,33,1,0.0030350685119628906,1,0.0027468204498291016,0.0008559226989746094,0.00045990943908691406
3,3,0.75,34,1,0.0028891563415527344,1,0.002396821975708008,0.0006959438323974609,0.0003719329833984375
3,3,0.75,35,1,0.0032951831817626953,1,0.0026998519897460938,0.0007901191711425781,0.00046515464782714844
3,3,0.75,36,1,0.0033729076385498047,1,0.002763986587524414,0.0008759498596191406,0.0004811286926269531
3,3,0.75,37,1,0.003038167953491211,1,0.002849102020263672,0.0008177757263183594,0.0005052089691162109
3,3,0.75,38,1,0.0030388832092285156,1,0.0027420520782470703,0.0008718967437744141,0.00047898292541503906
3,3,0.75,39,1,0.0030488967895507812,1,0.002946138381958008,0.0007979869842529297,0.0003771781921386719
3,3,0.75,40,1,0.003409862518310547,1,0.002501964569091797,0.0008127689361572266,0.0004642009735107422
3,3,0.75,41,1,0.0033888816833496094,1,0.003039836883544922,0.0008833408355712891,0.0005350112915039062
3,3,0.75,42,1,0.003103971481323242,1,0.0025849342346191406,0.0008571147918701172,0.0004639625549316406
3,3,0.75,43,1,0.0032167434692382812,1,0.0032012462615966797,0.0008587837219238281,0.0004563331604003906
3,3,0.75,44,1,0.0030541419982910156,1,0.002872943878173828,0.0007421970367431641,0.00037407875061035156
3,3,0.75,45,1,0.002933025360107422,1,0.0024182796478271484,0.0007569789886474609,0.0004520416259765625
3,3,0.75,46,1,0.0028159618377685547,1,0.002380847930908203,0.0006971359252929688,0.0003669261932373047
3,3,0.75,47,1,0.003299713134765625,1,0.0028760433197021484,0.0008671283721923828,0.0004558563232421875
3,3,0.75,48,1,0.0030410289764404297,1,0.002777099609375,0.0007658004760742188,0.0004570484161376953
3,3,0.75,49,1,0.0032362937927246094,1,0.0028238296508789062,0.0008008480072021484,0.0004661083221435547
3,3,1.0,0,1,0.0034728050231933594,1,0.002711057662963867,0.000865936279296875,0.00047469139099121094
3,3,1.0,1,1,0.003387928009033203,1,0.002928018569946289,0.0009810924530029297,0.0005409717559814453
3,3,1.0,2,1,0.003537893295288086,1,0.0032019615173339844,0.0010402202606201172,0.0005359649658203125
3,3,1.0,3,1,0.0035200119018554688,1,0.0027599334716796875,0.0008614063262939453,0.0004968643188476562
3,3,1.0,4,1,0.0029942989349365234,1,0.0024650096893310547,0.0007610321044921875,0.0004551410675048828
3,3,1.0,5,1,0.0029959678649902344,1,0.0024061203002929688,0.0007648468017578125,0.00045680999755859375
3,3,1.0,6,1,0.0030519962310791016,1,0.0027930736541748047,0.0007879734039306641,0.0004620552062988281
3,3,1.0,7,1,0.0033500194549560547,1,0.0027320384979248047,0.0009129047393798828,0.0004673004150390625
3,3,1.0,8,1,0.0032160282135009766,1,0.002707958221435547,0.0008661746978759766,0.0004589557647705078
3,3,1.0,9,1,0.0033271312713623047,1,0.0029630661010742188,0.0008120536804199219,0.0004649162292480469
3,3,1.0,10,1,0.0035080909729003906,1,0.0026531219482421875,0.0008001327514648438,0.0004596710205078125
3,3,1.0,11,1,0.0030739307403564453,1,0.0027456283569335938,0.0007719993591308594,0.0003790855407714844
3,3,1.0,12,1,0.0030400753021240234,1,0.002542734146118164,0.000759124755859375,0.00046324729919433594
3,3,1.0,13,1,0.003264904022216797,1,0.0026988983154296875,0.0007939338684082031,0.0005071163177490234
3,3,1.0,14,1,0.003451108932495117,1,0.003161907196044922,0.0009458065032958984,0.0005099773406982422
3,3,1.0,15,1,0.002997875213623047,1,0.0034570693969726562,0.0009059906005859375,0.0005369186401367188
3,3,1.0,16,1,0.0037279129028320312,1,0.0032989978790283203,0.0008599758148193359,0.0005030632019042969
3,3,1.0,17,1,0.003275632858276367,1,0.002766847610473633,0.000865936279296875,0.0005979537963867188
3,3,1.0,18,1,0.002892017364501953,1,0.002421140670776367,0.0007653236389160156,0.0004508495330810547
3,3,1.0,19,1,0.002974987030029297,1,0.0026979446411132812,0.0008540153503417969,0.00045299530029296875
3,3,1.0,20,1,0.0031280517578125,1,0.0024237632751464844,0.0007848739624023438,0.00045490264892578125
3,3,1.0,21,1,0.0031070709228515625,1,0.002871990203857422,0.0007681846618652344,0.0004589557647705078
3,3,1.0,22,1,0.0033440589904785156,1,0.002568960189819336,0.0008270740509033203,0.0004711151123046875
3,3,1.0,23,1,0.0032300949096679688,1,0.0027179718017578125,0.0007939338684082031,0.00045800209045410156
3,3,1.0,24,1,0.0030090808868408203,1,0.002585172653198242,0.0007312297821044922,0.0004668235778808594
3,3,1.0,25,1,0.0030748844146728516,1,0.0028090476989746094,0.0008540153503417969,0.00045490264892578125
3,3,1.0,26,1,0.0030219554901123047,1,0.0028200149536132812,0.0007929801940917969,0.0006229877471923828
3,3,1.0,27,1,0.00341796875,1,0.0029189586639404297,0.0008847713470458984,0.0004811286926269531
3,3,1.0,28,1,0.0035500526428222656,1,0.0027701854705810547,0.0008709430694580078,0.0004589557647705078
3,3,1.0,29,1,0.0033311843872070312,1,0.0029990673065185547,0.0008718967437744141,0.0005090236663818359
3,3,1.0,30,1,0.003242015838623047,1,0.003015756607055664,0.0007448196411132812,0.00046896934509277344
3,3,1.0,31,1,0.003155946731567383,1,0.0028569698333740234,0.0007700920104980469,0.000492095947265625
3,3,1.0,32,1,0.00335693359375,1,0.002608060836791992,0.0007967948913574219,0.0004680156707763672
3,3,1.0,33,1,0.003027200698852539,1,0.002711057662963867,0.0008766651153564453,0.00045800209045410156
3,3,1.0,34,1,0.0029518604278564453,1,0.0024139881134033203,0.0007531642913818359,0.0004792213439941406
3,3,1.0,35,1,0.0029790401458740234,1,0.0027740001678466797,0.0007538795471191406,0.00045800209045410156
3,3,1.0,36,1,0.0035331249237060547,1,0.003345012664794922,0.0010221004486083984,0.0005459785461425781
3,3,1.0,37,1,0.0033338069915771484,1,0.002950906753540039,0.0009322166442871094,0.0005462169647216797
3,3,1.0,38,1,0.004210233688354492,1,0.0035309791564941406,0.0009338855743408203,0.0005638599395751953
3,3,1.0,39,1,0.0036509037017822266,1,0.0029802322387695312,0.0009050369262695312,0.0005717277526855469
3,3,1.0,40,1,0.0037708282470703125,1,0.0036280155181884766,0.0009591579437255859,0.00045013427734375
3,3,1.0,41,1,0.00350189208984375,1,0.0036013126373291016,0.0009059906005859375,0.0005350112915039062
3,3,1.0,42,1,0.004069805145263672,1,0.0029900074005126953,0.000926971435546875,0.0005419254302978516
3,3,1.0,43,1,0.003621816635131836,1,0.0029020309448242188,0.0009007453918457031,0.0005810260772705078
3,3,1.0,44,1,0.003576040267944336,1,0.002719879150390625,0.0008230209350585938,0.00046896934509277344
3,3,1.0,45,1,0.0028290748596191406,1,0.0027399063110351562,0.0007548332214355469,0.0004661083221435547
3,3,1.0,46,1,0.0031299591064453125,1,0.0027441978454589844,0.0008356571197509766,0.00045990943908691406
3,3,1.0,47,1,0.003258943557739258,1,0.003049135208129883,0.0008220672607421875,0.0005040168762207031
3,3,1.0,48,1,0.0031080245971679688,1,0.002808809280395508,0.0008208751678466797,0.00045990943908691406
3,3,1.0,49,1,0.0031211376190185547,1,0.0028009414672851562,0.0008108615875244141,0.0004589557647705078
4,4,0.5,0,1,0.0073909759521484375,1,0.004536867141723633,0.0035147666931152344,0.004690885543823242
4,4,0.5,1,1,0.0066411495208740234,1,0.004029035568237305,0.0036971569061279297,0.0046427249908447266
4,4,0.5,2,1,0.006286144256591797,1,0.003847360610961914,0.003072023391723633,0.004687070846557617
4,4,0.5,3,1,0.005738973617553711,1,0.0038111209869384766,0.0030379295349121094,0.00471186637878418
4,4,0.5,4,1,0.006384134292602539,1,0.004372119903564453,0.0038421154022216797,0.004878044128417969
4,4,0.5,5,1,0.006911039352416992,1,0.004050016403198242,0.0033380985260009766,0.00472712516784668
4,4,0.5,6,1,0.006818056106567383,1,0.004361867904663086,0.002546072006225586,0.0033800601959228516
4,4,0.5,7,1,0.00644683837890625,1,0.0040130615234375,0.003409147262573242,0.0047149658203125
4,4,0.5,8,1,0.006560087203979492,1,0.0040760040283203125,0.0030028820037841797,0.0046999454498291016
4,4,0.5,9,1,0.006571054458618164,1,0.004024028778076172,0.0033609867095947266,0.0047740936279296875
4,4,0.5,10,1,0.006430864334106445,1,0.0040509700775146484,0.0024919509887695312,0.0032739639282226562
4,4,0.5,11,1,0.00680088996887207,1,0.004044055938720703,0.002866029739379883,0.004686117172241211
4,4,0.5,12,1,0.006779909133911133,1,0.004266023635864258,0.0030651092529296875,0.004803895950317383
4,4,0.5,13,1,0.006769895553588867,1,0.004186868667602539,0.0034520626068115234,0.004839181900024414
4,4,0.5,14,1,0.006834268569946289,1,0.003692150115966797,0.0030558109283447266,0.004816293716430664
4,4,0.5,15,1,0.006389141082763672,1,0.004144191741943359,0.003294229507446289,0.0046749114990234375
4,4,0.5,16,1,0.0062830448150634766,1,0.0038051605224609375,0.0030128955841064453,0.004674196243286133
4,4,0.5,17,1,0.0063550472259521484,1,0.004051923751831055,0.003799915313720703,0.0046389102935791016
4,4,0.5,18,1,0.007352113723754883,1,0.004251718521118164,0.002622842788696289,0.0033588409423828125
4,4,0.5,19,1,0.005937099456787109,1,0.003592252731323242,0.00261688232421875,0.0033380985260009766
4,4,0.5,20,1,0.006947755813598633,1,0.004470109939575195,0.003987789154052734,0.005681753158569336
4,4,0.5,21,1,0.0074520111083984375,1,0.004235982894897461,0.0029299259185791016,0.004804849624633789
4,4,0.5,22,1,0.0065767765045166016,1,0.0038018226623535156,0.0035092830657958984,0.004770040512084961
4,4,0.5,23,1,0.006654024124145508,1,0.003985881805419922,0.0033791065216064453,0.004748106002807617
4,4,0.5,24,1,0.006815195083618164,1,0.004127025604248047,0.0031440258026123047,0.0048809051513671875
4,4,0.5,25,1,0.0064427852630615234,1,0.004110813140869141,0.0028960704803466797,0.004855632781982422
4,4,0.5,26,1,0.007036924362182617,1,0.004144906997680664,0.0035462379455566406,0.004927158355712891
4,4,0.5,27,1,0.006146907806396484,1,0.004226207733154297,0.003437042236328125,0.004697084426879883
4,4,0.5,28,1,0.006711006164550781,1,0.0041768550872802734,0.0025179386138916016,0.003306865692138672
4,4,0.5,29,1,0.006790876388549805,1,0.0039670467376708984,0.003312826156616211,0.004690885543823242
4,4,0.5,30,1,0.006644010543823242,1,0.004462003707885742,0.003751993179321289,0.004767894744873047
4,4,0.5,31,1,0.00682520866394043,1,0.003974199295043945,0.0037250518798828125,0.004719257354736328
4,4,0.5,32,1,0.0066149234771728516,1,0.004007816314697266,0.004336833953857422,0.004786968231201172
4,4,0.5,33,1,0.00660395622253418,1,0.0041577816009521484,0.0033478736877441406,0.0049479007720947266
4,4,0.5,34,1,0.006574153900146484,1,0.003651142120361328,0.0029878616333007812,0.004662036895751953
4,4,0.5,35,1,0.006773948669433594,1,0.0038340091705322266,0.003215789794921875,0.004744052886962891
4,4,0.5,36,1,0.0063610076904296875,1,0.004124879837036133,0.0037429332733154297,0.004886627197265625
4,4,0.5,37,1,0.006329059600830078,1,0.0040667057037353516,0.003389120101928711,0.00475621223449707
4,4,0.5,38,1,0.006601095199584961,1,0.004005908966064453,0.0024662017822265625,0.0033659934997558594
4,4,0.5,39,1,0.006427288055419922,1,0.004109859466552734,0.0037491321563720703,0.0045969486236572266
4,4,0.5,40,1,0.006536960601806641,1,0.004168987274169922,0.0038268566131591797,0.004857063293457031
4,4,0.5,41,1,0.006340980529785156,1,0.0037622451782226562,0.003309011459350586,0.004815101623535156
4,4,0.5,42,1,0.006419181823730469,1,0.004084110260009766,0.0033080577850341797,0.0047380924224853516
4,4,0.5,43,1,0.006331920623779297,1,0.004041910171508789,0.0032999515533447266,0.004815101623535156
4,4,0.5,44,1,0.0060002803802490234,1,0.004058122634887695,0.0029959678649902344,0.004719972610473633
4,4,0.5,45,1,0.005875825881958008,1,0.004187107086181641,0.003693819046020508,0.0046122074127197266
4,4,0.5,46,1,0.006674289703369141,1,0.004043102264404297,0.0025780200958251953,0.004725933074951172
4,4,0.5,47,1,0.0066912174224853516,1,0.00444483757019043,0.0029990673065185547,0.0048220157623291016
4,4,0.5,48,1,0.0063800811767578125,1,0.004113197326660156,0.002869129180908203,0.004864931106567383
4,4,0.5,49,1,0.006671905517578125,1,0.0040740966796875,0.0034389495849609375,0.004970073699951172
4,4,0.75,0,1,0.006762981414794922,1,0.003786802291870117,0.0032677650451660156,0.005124092102050781
4,4,0.75,1,1,0.006474018096923828,1,0.004098176956176758,0.0029211044311523438,0.004734039306640625
4,4,0.75,2,1,0.006415843963623047,1,0.0039060115814208984,0.002386331558227539,0.004810810089111328
4,4,0.75,3,1,0.006474971771240234,1,0.004083871841430664,0.0029549598693847656,0.0046923160552978516
4,4,0.75,4,1,0.0065157413482666016,1,0.0036568641662597656,0.002527952194213867,0.004822969436645508
4,4,0.75,5,1,0.006084918975830078,1,0.004021883010864258,0.0033669471740722656,0.004717111587524414
4,4,0.75,6,1,0.0064487457275390625,1,0.004178047180175781,0.0028243064880371094,0.005007028579711914
4,4,0.75,7,1,0.007025003433227539,1,0.004068851470947266,0.0029802322387695312,0.00477290153503418
4,4,0.75,8,1,0.0062940120697021484,1,0.004089832305908203,0.003759145736694336,0.004647970199584961
4,4,0.75,9,1,0.006705284118652344,1,0.003651142120361328,0.0030481815338134766,0.004827022552490234
4,4,0.75,10,1,0.006591796875,1,0.003927946090698242,0.004224061965942383,0.004633903503417969
4,4,0.75,11,1,0.006457090377807617,1,0.004232168197631836,0.003751039505004883,0.00462794303894043
4,4,0.75,12,1,0.006767988204956055,1,0.0040130615234375,0.003045797348022461,0.005135774612426758
4,4,0.75,13,1,0.00656580924987793,1,0.004149198532104492,0.002886056900024414,0.004827022552490234
4,4,0.75,14,1,0.006723165512084961,1,0.0039501190185546875,0.002937793731689453,0.004729032516479492
4,4,0.75,15,1,0.006310939788818359,1,0.003606081008911133,0.0030541419982910156,0.0047147274017333984
4,4,0.75,16,1,0.006246089935302734,1,0.003965854644775391,0.003690004348754883,0.004664182662963867
4,4,0.75,17,1,0.0066492557525634766,1,0.004073143005371094,0.0037479400634765625,0.004640102386474609
4,4,0.75,18,1,0.006414175033569336,1,0.0040247440338134766,0.003959178924560547,0.005052804946899414
4,4,0.75,19,1,0.0060689449310302734,1,0.0040471553802490234,0.003796100616455078,0.004665851593017578
4,4,0.75,20,1,0.006772279739379883,1,0.004023075103759766,0.0029807090759277344,0.004774808883666992
4,4,0.75,21,1,0.006696939468383789,1,0.004323005676269531,0.003008127212524414,0.00521397590637207
4,4,0.75,22,1,0.007025003433227539,1,0.0040111541748046875,0.004364013671875,0.004641056060791016
4,4,0.75,23,1,0.006215095520019531,1,0.003567218780517578,0.0025229454040527344,0.005227088928222656
4,4,0.75,24,1,0.007002115249633789,1,0.0041310787200927734,0.0026721954345703125,0.00520014762878418
4,4,0.75,25,1,0.006676912307739258,1,0.00410771369934082,0.0029571056365966797,0.004697084426879883
4,4,0.75,26,1,0.00705718994140625,1,0.004057168960571289,0.0028371810913085938,0.0047032833099365234
4,4,0.75,27,1,0.006573200225830078,1,0.003882884979248047,0.003656148910522461,0.0046350955963134766
4,4,0.75,28,1,0.006394863128662109,1,0.003975868225097656,0.003767251968383789,0.004609823226928711
4,4,0.75,29,1,0.0064089298248291016,1,0.004052877426147461,0.004102945327758789,0.04731488227844238
4,4,0.75,30,1,0.008850336074829102,1,0.005267143249511719,0.005557060241699219,0.006113767623901367
4,4,0.75,31,1,0.007601022720336914,1,0.0048677921295166016,0.0030210018157958984,0.004015684127807617
4,4,0.75,32,1,0.007589817047119141,1,0.004681825637817383,0.0043010711669921875,0.005506753921508789
4,4,0.75,33,1,0.006963014602661133,1,0.003921031951904297,0.0036809444427490234,0.004671812057495117
4,4,0.75,34,1,0.006829023361206055,1,0.0043451786041259766,0.003576040267944336,0.0047092437744140625
4,4,0.75,35,1,0.006679058074951172,1,0.004157066345214844,0.003571033477783203,0.004698038101196289
4,4,0.75,36,1,0.006321907043457031,1,0.004003047943115234,0.003709077835083008,0.004745006561279297
4,4,0.75,37,1,0.0067517757415771484,1,0.0040531158447265625,0.004346132278442383,0.004708051681518555
4,4,0.75,38,1,0.005991935729980469,1,0.0036547183990478516,0.0031280517578125,0.0047109127044677734
4,4,0.75,39,1,0.006696939468383789,1,0.004054069519042969,0.0034079551696777344,0.0047299861907958984
4,4,0.75,40,1,0.006193876266479492,1,0.004538059234619141,0.003515958786010742,0.004765987396240234
4,4,0.75,41,1,0.006599903106689453,1,0.004068851470947266,0.0024802684783935547,0.003359079360961914
4,4,0.75,42,1,0.0060389041900634766,1,0.003863096237182617,0.0038619041442871094,0.0048029422760009766
4,4,0.75,43,1,0.006415843963623047,1,0.0038907527923583984,0.003297090530395508,0.0049169063568115234
4,4,0.75,44,1,0.006493330001831055,1,0.003814220428466797,0.003229856491088867,0.004865169525146484
4,4,0.75,45,1,0.006606101989746094,1,0.004037141799926758,0.0032808780670166016,0.004683017730712891
4,4,0.75,46,1,0.006562948226928711,1,0.0042917728424072266,0.0031189918518066406,0.004863262176513672
4,4,0.75,47,1,0.006836414337158203,1,0.003977060317993164,0.004359006881713867,0.004662990570068359
4,4,0.75,48,1,0.006543159484863281,1,0.003911018371582031,0.0037698745727539062,0.004729032516479492
4,4,0.75,49,1,0.006440877914428711,1,0.0035567283630371094,0.0030891895294189453,0.004780769348144531
4,4,1.0,0,1,0.0063860416412353516,1,0.003947019577026367,0.004057884216308594,0.005168914794921875
4,4,1.0,1,1,0.007181644439697266,1,0.004011869430541992,0.0038051605224609375,0.004608154296875
4,4,1.0,2,1,0.006537914276123047,1,0.003754138946533203,0.0032091140747070312,0.0047490596771240234
4,4,1.0,3,1,0.006393909454345703,1,0.003961086273193359,0.003149747848510742,0.004838228225708008
4,4,1.0,4,1,0.0059850215911865234,1,0.0035398006439208984,0.0030031204223632812,0.004851102828979492
4,4,1.0,5,1,0.006706953048706055,1,0.0038857460021972656,0.003452777862548828,0.004689216613769531
4,4,1.0,6,1,0.0061419010162353516,1,0.0038950443267822266,0.002619028091430664,0.00357818603515625
4,4,1.0,7,1,0.006157875061035156,1,0.0037279129028320312,0.0030281543731689453,0.0047149658203125
4,4,1.0,8,1,0.0069539546966552734,1,0.0039539337158203125,0.0029611587524414062,0.004677295684814453
4,4,1.0,9,1,0.006597042083740234,1,0.004063129425048828,0.0032761096954345703,0.004897117614746094
4,4,1.0,10,1,0.006064891815185547,1,0.004042863845825195,0.0028998851776123047,0.004868030548095703
4,4,1.0,11,1,0.006508827209472656,1,0.003895998001098633,0.003342866897583008,0.004760026931762695
4,4,1.0,12,1,0.0058019161224365234,1,0.0038788318634033203,0.0033979415893554688,0.0049898624420166016
4,4,1.0,13,1,0.007120847702026367,1,0.00397491455078125,0.002874135971069336,0.004745960235595703
4,4,1.0,14,1,0.0068471431732177734,1,0.004000186920166016,0.003734111785888672,0.00469207763671875
4,4,1.0,15,1,0.006190776824951172,1,0.004021883010864258,0.003339052200317383,0.0049591064453125
4,4,1.0,16,1,0.0067288875579833984,1,0.003985166549682617,0.003328084945678711,0.0047490596771240234
4,4,1.0,17,1,0.006539106369018555,1,0.003918886184692383,0.003425121307373047,0.004796028137207031
4,4,1.0,18,1,0.006739139556884766,1,0.004080295562744141,0.004636049270629883,0.005277872085571289
4,4,1.0,19,1,0.006566286087036133,1,0.004176139831542969,0.0033011436462402344,0.005194902420043945
4,4,1.0,20,1,0.0076596736907958984,1,0.004004001617431641,0.0024378299713134766,0.004718303680419922
4,4,1.0,21,1,0.006752967834472656,1,0.004107952117919922,0.004488945007324219,0.004707813262939453
4,4,1.0,22,1,0.006704092025756836,1,0.004041910171508789,0.004148006439208984,0.004652261734008789
4,4,1.0,23,1,0.006790876388549805,1,0.003834962844848633,0.0034418106079101562,0.004972934722900391
4,4,1.0,24,1,0.006579160690307617,1,0.003935098648071289,0.0034291744232177734,0.004664182662963867
4,4,1.0,25,1,0.0069391727447509766,1,0.0038809776306152344,0.00429081916809082,0.004640102386474609
4,4,1.0,26,1,0.006263017654418945,1,0.0040130615234375,0.0036759376525878906,0.0046977996826171875
4,4,1.0,27,1,0.006536960601806641,1,0.003906965255737305,0.0037631988525390625,0.004602909088134766
4,4,1.0,28,1,0.006337881088256836,1,0.0040972232818603516,0.003287792205810547,0.004772186279296875
4,4,1.0,29,1,0.006963014602661133,1,0.0046100616455078125,0.00347900390625,0.004750967025756836
4,4,1.0,30,1,0.006524801254272461,1,0.003980875015258789,0.0032777786254882812,0.004688262939453125
4,4,1.0,31,1,0.0064868927001953125,1,0.004003047943115234,0.002550840377807617,0.0048351287841796875
4,4,1.0,32,1,0.006745100021362305,1,0.004123210906982422,0.0033218860626220703,0.004708290100097656
4,4,1.0,33,1,0.0064928531646728516,1,0.004086017608642578,0.0033469200134277344,0.0047550201416015625
4,4,1.0,34,1,0.00647282600402832,1,0.0039370059967041016,0.003016948699951172,0.00471806526184082
4,4,1.0,35,1,0.0064220428466796875,1,0.0039980411529541016,0.0024597644805908203,0.004969120025634766
4,4,1.0,36,1,0.00615382194519043,1,0.003916025161743164,0.0033690929412841797,0.004752159118652344
4,4,1.0,37,1,0.006571054458618164,1,0.003901958465576172,0.0033309459686279297,0.004663944244384766
4,4,1.0,38,1,0.006474971771240234,1,0.004002809524536133,0.0037369728088378906,0.004725933074951172
4,4,1.0,39,1,0.006779909133911133,1,0.0037031173706054688,0.0032510757446289062,0.004851818084716797
4,4,1.0,40,1,0.0066030025482177734,1,0.0042400360107421875,0.0037927627563476562,0.004644870758056641
4,4,1.0,41,1,0.006909847259521484,1,0.004626274108886719,0.0025773048400878906,0.0034596920013427734
4,4,1.0,42,1,0.0065038204193115234,1,0.004055023193359375,0.003301858901977539,0.004721879959106445
4,4,1.0,43,1,0.006365060806274414,1,0.0038781166076660156,0.0032401084899902344,0.004840850830078125
4,4,1.0,44,1,0.006317138671875,1,0.0041811466217041016,0.004502058029174805,0.00494384765625
4,4,1.0,45,1,0.006637096405029297,1,0.0037550926208496094,0.003036975860595703,0.0047359466552734375
4,4,1.0,46,1,0.006298065185546875,1,0.004211902618408203,0.003756999969482422,0.00459599494934082
4,4,1.0,47,1,0.00683903694152832,1,0.0042917728424072266,0.003175973892211914,0.004923105239868164
4,4,1.0,48,1,0.0060880184173583984,1,0.003876209259033203,0.0037658214569091797,0.0047452449798583984
4,4,1.0,49,1,0.006329059600830078,1,0.0039021968841552734,0.004349231719970703,0.004702091217041016
5,5,0.5,0,1,0.011877059936523438,1,0.005753278732299805,0.04588007926940918,0.07314586639404297
5,5,0.5,1,1,0.013625144958496094,1,0.005753993988037109,0.03728079795837402,0.07511615753173828
5,5,0.5,2,1,0.013008832931518555,1,0.005468845367431641,0.04193377494812012,0.12544608116149902
5,5,0.5,3,1,0.014719009399414062,1,0.006197929382324219,0.03810691833496094,0.07416605949401855
5,5,0.5,4,1,0.011870861053466797,1,0.005396842956542969,0.038642168045043945,0.07347607612609863
5,5,0.5,5,1,0.012009859085083008,1,0.005547046661376953,0.03133893013000488,0.07320618629455566
5,5,0.5,6,1,0.01173090934753418,1,0.005817890167236328,0.039572954177856445,0.07294297218322754
5,5,0.5,7,1,0.011930227279663086,1,0.005198240280151367,0.0311739444732666,0.1208958625793457
5,5,0.5,8,1,0.012390851974487305,1,0.00587010383605957,0.04315590858459473,0.0733029842376709
5,5,0.5,9,1,0.010591983795166016,1,0.005707979202270508,0.028868913650512695,0.07419300079345703
5,5,0.5,10,1,0.013408184051513672,1,0.006288051605224609,0.026340007781982422,0.04488086700439453
5,5,0.5,11,1,0.011749982833862305,1,0.005249977111816406,0.03898310661315918,0.07493281364440918
5,5,0.5,12,1,0.012086868286132812,1,0.005743980407714844,0.043665170669555664,0.1231379508972168
5,5,0.5,13,1,0.014018058776855469,1,0.006489992141723633,0.03289532661437988,0.07497406005859375
5,5,0.5,14,1,0.012678146362304688,1,0.005614042282104492,0.04590010643005371,0.07678484916687012
5,5,0.5,15,1,0.01236724853515625,1,0.006260871887207031,0.0356600284576416,0.07327532768249512
5,5,0.5,16,1,0.012196063995361328,1,0.005626201629638672,0.03722810745239258,0.07389092445373535
5,5,0.5,17,1,0.0122528076171875,1,0.005113124847412109,0.021742820739746094,0.12335801124572754
5,5,0.5,18,1,0.014224767684936523,1,0.006048917770385742,0.043723106384277344,0.07342910766601562
5,5,0.5,19,1,0.012681961059570312,1,0.005290031433105469,0.030922889709472656,0.07598495483398438
5,5,0.5,20,1,0.011963844299316406,1,0.0059888362884521484,0.03853583335876465,0.07711005210876465
5,5,0.5,21,1,0.01228022575378418,1,0.005318880081176758,0.03369879722595215,0.1189730167388916
5,5,0.5,22,1,0.013802051544189453,1,0.006319999694824219,0.034184932708740234,0.08269000053405762
5,5,0.5,23,1,0.014824867248535156,1,0.007620096206665039,0.05248427391052246,0.0763390064239502
5,5,0.5,24,1,0.013358116149902344,1,0.006780147552490234,0.04647088050842285,0.07601523399353027
5,5,0.5,25,1,0.011915922164916992,1,0.0061969757080078125,0.03439617156982422,0.07770013809204102
5,5,0.5,26,1,0.014457941055297852,1,0.0062677860260009766,0.027398109436035156,0.0642690658569336
5,5,0.5,27,1,0.01873493194580078,1,0.0067980289459228516,0.08539199829101562,0.10055708885192871
5,5,0.5,28,1,0.01503896713256836,1,0.007275104522705078,0.03772711753845215,0.08903717994689941
5,5,0.5,29,1,0.015035152435302734,1,0.00763392448425293,0.056548118591308594,0.07987785339355469
5,5,0.5,30,1,0.014099836349487305,1,0.0063228607177734375,0.04160904884338379,0.08020401000976562
5,5,0.5,31,1,0.013817787170410156,1,0.00649714469909668,0.04437828063964844,0.07472991943359375
5,5,0.5,32,1,0.012434959411621094,1,0.006408214569091797,0.08209705352783203,0.09157514572143555
5,5,0.5,33,1,0.01411581039428711,1,0.0062520503997802734,0.02983403205871582,0.07573509216308594
5,5,0.5,34,1,0.012379884719848633,1,0.00537419319152832,0.0372769832611084,0.07601094245910645
5,5,0.5,35,1,0.013111114501953125,1,0.00665593147277832,0.04197812080383301,0.07352089881896973
5,5,0.5,36,1,0.012689828872680664,1,0.005327701568603516,0.03671002388000488,0.07645320892333984
5,5,0.5,37,1,0.014583110809326172,1,0.006448268890380859,0.07556700706481934,0.10298919677734375
5,5,0.5,38,1,0.014863729476928711,1,0.007195949554443359,0.04157900810241699,0.087921142578125
5,5,0.5,39,1,0.013997077941894531,1,0.007066965103149414,0.04338717460632324,0.07727599143981934
5,5,0.5,40,1,0.014647722244262695,1,0.0063419342041015625,0.053141117095947266,0.07628273963928223
5,5,0.5,41,1,0.015870094299316406,1,0.005482912063598633,0.03294014930725098,0.0768887996673584
5,5,0.5,42,1,0.012160062789916992,1,0.005469799041748047,0.034384965896606445,0.11039090156555176
5,5,0.5,43,1,0.013096094131469727,1,0.006067037582397461,0.03870105743408203,0.08260083198547363
5,5,0.5,44,1,0.012809038162231445,1,0.007796049118041992,0.0403599739074707,0.07495403289794922
5,5,0.5,45,1,0.013183116912841797,1,0.005842924118041992,0.03249216079711914,0.07333230972290039
5,5,0.5,46,1,0.013437271118164062,1,0.00579380989074707,0.03474903106689453,0.08621811866760254
5,5,0.5,47,1,0.013336181640625,1,0.005839109420776367,0.03822898864746094,0.11900115013122559
5,5,0.5,48,1,0.011451005935668945,1,0.0053670406341552734,0.036253929138183594,0.07810831069946289
5,5,0.5,49,1,0.014139175415039062,1,0.005548000335693359,0.03273916244506836,0.07579183578491211
5,5,0.75,0,1,0.01288914680480957,1,0.005409955978393555,0.044962167739868164,0.07356500625610352
5,5,0.75,1,1,0.012566089630126953,1,0.0052759647369384766,0.04705405235290527,0.14161038398742676
5,5,0.75,2,1,0.01902627944946289,1,0.0077152252197265625,0.054826974868774414,0.07533097267150879
5,5,0.75,3,1,0.012721776962280273,1,0.005515098571777344,0.03146004676818848,0.07541894912719727
5,5,0.75,4,1,0.013695001602172852,1,0.007252931594848633,0.045456886291503906,0.09749412536621094
5,5,0.75,5,1,0.014534235000610352,1,0.006474971771240234,0.04360604286193848,0.09489893913269043
5,5,0.75,6,1,0.01570892333984375,1,0.006308078765869141,0.11458110809326172,0.1087799072265625
5,5,0.75,7,1,0.01658797264099121,1,0.007011890411376953,0.027292966842651367,0.09086418151855469
5,5,0.75,8,1,0.015160083770751953,1,0.006548881530761719,0.05375099182128906,0.08998799324035645
5,5,0.75,9,1,0.015697956085205078,1,0.0068149566650390625,0.034570932388305664,0.07440376281738281
5,5,0.75,10,1,0.014182806015014648,1,0.007127046585083008,0.04556989669799805,0.08794212341308594
5,5,0.75,11,1,0.015321969985961914,1,0.00613093376159668,0.04029703140258789,0.13639283180236816
5,5,0.75,12,1,0.013509750366210938,1,0.0067138671875,0.036029815673828125,0.08066201210021973
5,5,0.75,13,1,0.013536930084228516,1,0.005818843841552734,0.051532745361328125,0.09092020988464355
5,5,0.75,14,1,0.015696048736572266,1,0.006868124008178711,0.0472259521484375,0.08331084251403809
5,5,0.75,15,1,0.013826131820678711,1,0.006308794021606445,0.05333900451660156,0.13249778747558594
5,5,0.75,16,1,0.013667106628417969,1,0.006411075592041016,0.039521217346191406,0.0749049186706543
5,5,0.75,17,1,0.015556097030639648,1,0.013716936111450195,0.0655832290649414,0.09926509857177734
5,5,0.75,18,1,0.015760183334350586,1,0.00835275650024414,0.05032491683959961,0.08959221839904785
5,5,0.75,19,1,0.01597118377685547,1,0.008100271224975586,0.07287716865539551,0.16833806037902832
5,5,0.75,20,1,0.018681049346923828,1,0.009443998336791992,0.041655778884887695,0.10383796691894531
5,5,0.75,21,1,0.0165402889251709,1,0.007911205291748047,0.05356788635253906,0.12223482131958008
5,5,0.75,22,1,0.017863750457763672,1,0.011055946350097656,0.09433984756469727,0.10967803001403809
5,5,0.75,23,1,0.019303083419799805,1,0.010584115982055664,0.06873965263366699,0.14686012268066406
5,5,0.75,24,1,0.01637721061706543,1,0.007881879806518555,0.05081892013549805,0.08887028694152832
5,5,0.75,25,1,0.015180826187133789,1,0.0064239501953125,0.03743720054626465,0.09383487701416016
5,5,0.75,26,1,0.015632152557373047,1,0.006850004196166992,0.06705307960510254,0.10393977165222168
5,5,0.75,27,1,0.015554189682006836,1,0.008569955825805664,0.06362199783325195,0.09431099891662598
5,5,0.75,28,1,0.015994787216186523,1,0.00962686538696289,0.09728598594665527,0.1160578727722168
5,5,0.75,29,1,0.015738964080810547,1,0.0077228546142578125,0.05525708198547363,0.0947721004486084
5,5,0.75,30,1,0.01648116111755371,1,0.007383823394775391,0.06041121482849121,0.10677099227905273
5,5,0.75,31,1,0.014946699142456055,1,0.007462978363037109,0.06471514701843262,0.0983130931854248
5,5,0.75,32,1,0.014429807662963867,1,0.00923299789428711,0.08669185638427734,0.08552312850952148
5,5,0.75,33,1,0.013517141342163086,1,0.006793022155761719,0.04320406913757324,0.07873106002807617
5,5,0.75,34,1,0.01510000228881836,1,0.007369041442871094,0.056934356689453125,0.09031128883361816
5,5,0.75,35,1,0.013624191284179688,1,0.006549835205078125,0.04147791862487793,0.07659292221069336
5,5,0.75,36,1,0.012495756149291992,1,0.006370067596435547,0.034226179122924805,0.12347698211669922
5,5,0.75,37,1,0.01371002197265625,1,0.006475925445556641,0.04478788375854492,0.07584691047668457
5,5,0.75,38,1,0.013323783874511719,1,0.0055773258209228516,0.04328012466430664,0.07875585556030273
5,5,0.75,39,1,0.012341976165771484,1,0.005699872970581055,0.03795576095581055,0.07492709159851074
5,5,0.75,40,1,0.012620687484741211,1,0.005435943603515625,0.039617061614990234,0.12317919731140137
5,5,0.75,41,1,0.014109134674072266,1,0.00667119026184082,0.03991413116455078,0.07911491394042969
5,5,0.75,42,1,0.012093067169189453,1,0.0054819583892822266,0.027599096298217773,0.0743260383605957
5,5,0.75,43,1,0.012623071670532227,1,0.005179166793823242,0.04147696495056152,0.07567381858825684
5,5,0.75,44,1,0.012198925018310547,1,0.005374908447265625,0.04249286651611328,0.07892394065856934
5,5,0.75,45,1,0.013643980026245117,1,0.006942033767700195,0.05617189407348633,0.1323237419128418
5,5,0.75,46,1,0.014049053192138672,1,0.006450176239013672,0.03975105285644531,0.07466697692871094
5,5,0.75,47,1,0.012153148651123047,1,0.006682872772216797,0.04278993606567383,0.07755899429321289
5,5,0.75,48,1,0.014198064804077148,1,0.006226062774658203,0.042061805725097656,0.07781195640563965
5,5,0.75,49,1,0.01141214370727539,1,0.005669116973876953,0.038149118423461914,0.07394003868103027
5,5,1.0,0,1,0.012055635452270508,1,0.005336761474609375,0.07868599891662598,0.08033990859985352
5,5,1.0,1,1,0.013672113418579102,1,0.006224870681762695,0.032218217849731445,0.07374715805053711
5,5,1.0,2,1,0.012161016464233398,1,0.005810976028442383,0.03234100341796875,0.07399106025695801
5,5,1.0,3,1,0.012141942977905273,1,0.005219936370849609,0.03689384460449219,0.07551002502441406
5,5,1.0,4,1,0.011492729187011719,1,0.005728960037231445,0.04665803909301758,0.07587814331054688
5,5,1.0,5,1,0.013154745101928711,1,0.0062389373779296875,0.07236790657043457,0.08710980415344238
5,5,1.0,6,1,0.012565135955810547,1,0.005380868911743164,0.04235124588012695,0.07933521270751953
5,5,1.0,7,1,0.011029958724975586,1,0.0053369998931884766,0.03171682357788086,0.07624292373657227
5,5,1.0,8,1,0.013139963150024414,1,0.005250215530395508,0.03697681427001953,0.07363581657409668
5,5,1.0,9,1,0.014248847961425781,1,0.005209684371948242,0.03876924514770508,0.12365317344665527
5,5,1.0,10,1,0.0137481689453125,1,0.005910634994506836,0.03956294059753418,0.07463812828063965
5,5,1.0,11,1,0.01246190071105957,1,0.005553722381591797,0.03882718086242676,0.07555913925170898
5,5,1.0,12,1,0.011840105056762695,1,0.00591588020324707,0.03438901901245117,0.07567787170410156
5,5,1.0,13,1,0.012604951858520508,1,0.005474090576171875,0.0319371223449707,0.07819819450378418
5,5,1.0,14,1,0.014354944229125977,1,0.006568193435668945,0.09719181060791016,0.08354783058166504
5,5,1.0,15,1,0.013689994812011719,1,0.007108926773071289,0.03693580627441406,0.0787210464477539
5,5,1.0,16,1,0.013546943664550781,1,0.006711006164550781,0.036199092864990234,0.07567000389099121
5,5,1.0,17,1,0.013262271881103516,1,0.006417274475097656,0.039528846740722656,0.07772302627563477
5,5,1.0,18,1,0.015114068984985352,1,0.006495952606201172,0.05480504035949707,0.13748598098754883
5,5,1.0,19,1,0.016656160354614258,1,0.0073130130767822266,0.04664897918701172,0.09171891212463379
5,5,1.0,20,1,0.01444387435913086,1,0.007351875305175781,0.048090219497680664,0.08689165115356445
5,5,1.0,21,1,0.014980077743530273,1,0.006833791732788086,0.0506138801574707,0.07374215126037598
5,5,1.0,22,1,0.011913061141967773,1,0.0061740875244140625,0.0908198356628418,0.10761022567749023
5,5,1.0,23,1,0.014711141586303711,1,0.006697177886962891,0.03498506546020508,0.07950115203857422
5,5,1.0,24,1,0.018184185028076172,1,0.007192134857177734,0.04501485824584961,0.08966684341430664
5,5,1.0,25,1,0.014946937561035156,1,0.006411075592041016,0.05085897445678711,0.09185218811035156
5,5,1.0,26,1,0.014126062393188477,1,0.0061647891998291016,0.03889179229736328,0.07734894752502441
5,5,1.0,27,1,0.012721776962280273,1,0.00595402717590332,0.0870368480682373,0.08152174949645996
5,5,1.0,28,1,0.012178897857666016,1,0.0056188106536865234,0.04527401924133301,0.0914771556854248
5,5,1.0,29,1,0.014639139175415039,1,0.006554126739501953,0.04946184158325195,0.07588601112365723
5,5,1.0,30,1,0.012358903884887695,1,0.006043910980224609,0.04491710662841797,0.08851385116577148
5,5,1.0,31,1,0.013503789901733398,1,0.005995988845825195,0.04329705238342285,0.1336660385131836
5,5,1.0,32,1,0.014847040176391602,1,0.009137868881225586,0.0611116886138916,0.09009003639221191
5,5,1.0,33,1,0.01581597328186035,1,0.007695198059082031,0.043968915939331055,0.0907750129699707
5,5,1.0,34,1,0.014837026596069336,1,0.006114006042480469,0.05172896385192871,0.08954286575317383
5,5,1.0,35,1,0.014086008071899414,1,0.008161067962646484,0.03589463233947754,0.10715413093566895
5,5,1.0,36,1,0.012849807739257812,1,0.005391120910644531,0.0467371940612793,0.07941389083862305
5,5,1.0,37,1,0.012835025787353516,1,0.005619049072265625,0.04215121269226074,0.07595396041870117
5,5,1.0,38,1,0.01206517219543457,1,0.0051572322845458984,0.04650473594665527,0.0895228385925293
5,5,1.0,39,1,0.024265766143798828,1,0.009455204010009766,0.09750580787658691,0.11149907112121582
5,5,1.0,40,1,0.013339042663574219,1,0.0065479278564453125,0.05054473876953125,0.08396100997924805
5,5,1.0,41,1,0.014215230941772461,1,0.006332874298095703,0.054743051528930664,0.08670997619628906
5,5,1.0,42,1,0.015098094940185547,1,0.007023811340332031,0.04644894599914551,0.09534597396850586
5,5,1.0,43,1,0.015940189361572266,1,0.006300926208496094,0.033442020416259766,0.1228179931640625
5,5,1.0,44,1,0.015924930572509766,1,0.006743192672729492,0.05028414726257324,0.07543706893920898
5,5,1.0,45,1,0.01222085952758789,1,0.005354881286621094,0.037978172302246094,0.07616782188415527
5,5,1.0,46,1,0.012639999389648438,1,0.005487918853759766,0.04239606857299805,0.07659697532653809
5,5,1.0,47,1,0.011635780334472656,1,0.005753993988037109,0.04236412048339844,0.11994409561157227
5,5,1.0,48,1,0.014330863952636719,1,0.006335020065307617,0.03413867950439453,0.07926011085510254
5,5,1.0,49,1,0.011726140975952148,1,0.00577092170715332,0.03495621681213379,0.07405281066894531
6,6,0.5,0,1,0.019481182098388672,1,0.007011890411376953,0.7354080677032471,1.5797080993652344
6,6,0.5,1,1,0.02677297592163086,1,0.008723020553588867,0.4706003665924072,1.726900339126587
6,6,0.5,2,1,0.025475025177001953,1,0.008445262908935547,0.6608970165252686,1.5696508884429932
6,6,0.5,3,1,0.02586507797241211,1,0.008228063583374023,0.7254469394683838,1.6442911624908447
6,6,0.5,4,1,0.025649309158325195,1,0.008679866790771484,0.7011349201202393,1.5560648441314697
6,6,0.5,5,1,0.024993896484375,1,0.008528947830200195,0.5652370452880859,1.63289213180542
6,6,0.5,6,1,0.025091886520385742,1,0.008674860000610352,0.613516092300415,1.5592269897460938
6,6,0.5,7,1,0.024898767471313477,1,0.008149862289428711,0.7043440341949463,1.613267421722412
6,6,0.5,8,1,0.026374101638793945,1,0.008458137512207031,0.8815767765045166,1.5783047676086426
6,6,0.5,9,1,0.02549290657043457,1,0.008129119873046875,0.6657207012176514,1.776263952255249
6,6,0.5,10,1,0.028299570083618164,1,0.008653879165649414,0.7493200302124023,2.0287768840789795
6,6,0.5,11,1,0.028986215591430664,1,0.010217905044555664,1.039759874343872,1.872387170791626
6,6,0.5,12,1,0.027705907821655273,1,0.009515047073364258,0.865074872970581,1.771787166595459
6,6,0.5,13,1,0.025957107543945312,1,0.009142160415649414,0.8962099552154541,1.7265257835388184
6,6,0.5,14,1,0.025763273239135742,1,0.00837397575378418,0.6934430599212646,1.6480848789215088
6,6,0.5,15,1,0.027313232421875,1,0.009053945541381836,0.7022087574005127,1.665618896484375
6,6,0.5,16,1,0.026580810546875,1,0.008063077926635742,0.5943140983581543,1.6808350086212158
6,6,0.5,17,1,0.02725386619567871,1,0.00822901725769043,0.8564040660858154,1.7990562915802002
6,6,0.5,18,1,0.026826858520507812,1,0.008739709854125977,0.8348779678344727,1.6407368183135986
6,6,0.5,19,1,0.02379322052001953,1,0.008194208145141602,0.5524437427520752,1.8268961906433105
6,6,0.5,20,1,0.02608203887939453,1,0.008695840835571289,0.6044168472290039,1.6821098327636719
6,6,0.5,21,1,0.024883270263671875,1,0.007844924926757812,0.5875840187072754,1.75736403465271
6,6,0.5,22,1,0.026748180389404297,1,0.010493040084838867,0.82633376121521,2.1511101722717285
6,6,0.5,23,1,0.028860807418823242,1,0.010725021362304688,0.6711020469665527,1.7519640922546387
6,6,0.5,24,1,0.026260852813720703,1,0.00868678092956543,0.6508510112762451,1.9260139465332031
6,6,0.5,25,1,0.026920080184936523,1,0.010015010833740234,0.7802307605743408,1.7442450523376465
6,6,0.5,26,1,0.02527904510498047,1,0.00890803337097168,0.8045310974121094,2.0629501342773438
6,6,0.5,27,1,0.027067899703979492,1,0.009339094161987305,0.687244176864624,1.8057427406311035
6,6,0.5,28,1,0.03917813301086426,1,0.010651111602783203,0.7637598514556885,1.8655040264129639
6,6,0.5,29,1,0.02596306800842285,1,0.009030342102050781,0.6120619773864746,1.598865032196045
6,6,0.5,30,1,0.025418996810913086,1,0.008315086364746094,0.6482601165771484,1.900493860244751
6,6,0.5,31,1,0.02610611915588379,1,0.009172201156616211,0.831934928894043,1.660294771194458
6,6,0.5,32,1,0.02626204490661621,1,0.008594036102294922,0.8177201747894287,1.595531940460205
6,6,0.5,33,1,0.024323701858520508,1,0.008080005645751953,0.7324671745300293,1.8610570430755615
6,6,0.5,34,1,0.025288820266723633,1,0.008160829544067383,0.7320561408996582,1.7946088314056396
6,6,0.5,35,1,0.02707195281982422,1,0.009330987930297852,0.8791899681091309,1.9249491691589355
6,6,0.5,36,1,0.02532196044921875,1,0.010847091674804688,0.7439920902252197,1.829895257949829
6,6,0.5,37,1,0.027270078659057617,1,0.010965108871459961,0.7471692562103271,1.8434820175170898
6,6,0.5,38,1,0.029237985610961914,1,0.009422063827514648,0.7623748779296875,1.678006887435913
6,6,0.5,39,1,0.024933815002441406,1,0.008633852005004883,0.5307490825653076,1.7619986534118652
6,6,0.5,40,1,0.02608799934387207,1,0.008568763732910156,0.7380397319793701,1.7943570613861084
6,6,0.5,41,1,0.025699138641357422,1,0.008731842041015625,0.6801018714904785,1.8536419868469238
6,6,0.5,42,1,0.02652287483215332,1,0.00897979736328125,0.6267666816711426,1.9339981079101562
6,6,0.5,43,1,0.02673196792602539,1,0.008620977401733398,0.8148219585418701,1.8189458847045898
6,6,0.5,44,1,0.03309226036071777,1,0.008836030960083008,0.8386712074279785,1.8131821155548096
6,6,0.5,45,1,0.026951313018798828,1,0.008621931076049805,0.6924679279327393,1.8571069240570068
6,6,0.5,46,1,0.0287020206451416,1,0.008508920669555664,0.775346040725708,1.8858861923217773
6,6,0.5,47,1,0.027949094772338867,1,0.009283781051635742,0.8548808097839355,1.7602219581604004
6,6,0.5,48,1,0.025970935821533203,1,0.008517980575561523,0.7772431373596191,1.9114422798156738
6,6,0.5,49,1,0.025401830673217773,1,0.008594036102294922,0.6514561176300049,1.9520599842071533
6,6,0.75,0,1,0.03106999397277832,1,0.00922393798828125,0.7050890922546387,1.7732579708099365
6,6,0.75,1,1,0.026230812072753906,1,0.009819984436035156,0.6517159938812256,1.5868632793426514
6,6,0.75,2,1,0.026064157485961914,1,0.008650064468383789,0.8931097984313965,1.8672819137573242
6,6,0.75,3,1,0.0253140926361084,1,0.008256196975708008,0.71875,1.743124008178711
6,6,0.75,4,1,0.023427963256835938,1,0.00820612907409668,0.8877792358398438,2.4122419357299805
6,6,0.75,5,1,0.09927582740783691,1,0.02144598960876465,1.0676653385162354,1.8941447734832764
6,6,0.75,6,1,0.04363894462585449,1,0.02205181121826172,1.245959758758545,2.00761079788208
6,6,0.75,7,1,0.028289079666137695,1,0.009853363037109375,0.8689770698547363,1.9687800407409668
6,6,0.75,8,1,0.02604508399963379,1,0.009935855865478516,0.7173020839691162,2.2440109252929688
6,6,0.75,9,1,0.029774904251098633,1,0.009721994400024414,0.9104528427124023,2.18356990814209
6,6,0.75,10,1,0.028551816940307617,1,0.010705232620239258,1.0271930694580078,1.926842212677002
6,6,0.75,11,1,0.026559829711914062,1,0.008411884307861328,0.744318962097168,1.8120570182800293
6,6,0.75,12,1,0.02999401092529297,1,0.009839296340942383,0.9706299304962158,1.8454790115356445
6,6,0.75,13,1,0.02785181999206543,1,0.009433269500732422,0.9103591442108154,1.8243610858917236
6,6,0.75,14,1,0.03224992752075195,1,0.008749723434448242,0.7624280452728271,1.8593590259552002
6,6,0.75,15,1,0.028605937957763672,1,0.012244939804077148,0.8153200149536133,1.8212029933929443
6,6,0.75,16,1,0.026932954788208008,1,0.012361764907836914,0.8188889026641846,1.8471760749816895
6,6,0.75,17,1,0.026298046112060547,1,0.00847625732421875,0.8806941509246826,1.7396318912506104
6,6,0.75,18,1,0.02755284309387207,1,0.009078025817871094,0.8194019794464111,1.8625819683074951
6,6,0.75,19,1,0.02893805503845215,1,0.0090789794921875,0.80588698387146,1.8934237957000732
6,6,0.75,20,1,0.027383804321289062,1,0.008883953094482422,0.7815577983856201,1.7442162036895752
6,6,0.75,21,1,0.026098012924194336,1,0.008645057678222656,0.8570129871368408,1.9288010597229004
6,6,0.75,22,1,0.02654576301574707,1,0.009107112884521484,0.8633768558502197,1.8524208068847656
6,6,0.75,23,1,0.02681708335876465,1,0.008747100830078125,0.9071269035339355,1.868229866027832
6,6,0.75,24,1,0.028101205825805664,1,0.010118961334228516,1.1254370212554932,1.8655238151550293
6,6,0.75,25,1,0.028019189834594727,1,0.0097808837890625,0.9038252830505371,1.8338160514831543
6,6,0.75,26,1,0.027470827102661133,1,0.009718179702758789,0.9577798843383789,1.7710237503051758
6,6,0.75,27,1,0.025222063064575195,1,0.008943796157836914,0.9320788383483887,1.8727350234985352
6,6,0.75,28,1,0.028179168701171875,1,0.009612083435058594,0.8079299926757812,1.8534672260284424
6,6,0.75,29,1,0.026007890701293945,1,0.008974790573120117,0.8736746311187744,1.8772480487823486
6,6,0.75,30,1,0.02488112449645996,1,0.00855398178100586,0.6051392555236816,1.7918052673339844
6,6,0.75,31,1,0.02535390853881836,1,0.008372068405151367,0.911513090133667,1.936169147491455
6,6,0.75,32,1,0.03148221969604492,1,0.009179830551147461,1.0088021755218506,1.8906359672546387
6,6,0.75,33,1,0.026877880096435547,1,0.009670734405517578,1.1452863216400146,1.9023070335388184
6,6,0.75,34,1,0.02910304069519043,1,0.009788990020751953,0.8562831878662109,1.904893159866333
6,6,0.75,35,1,0.027158021926879883,1,0.009218931198120117,0.8888146877288818,1.873913049697876
6,6,0.75,36,1,0.02474498748779297,1,0.008320093154907227,0.7148852348327637,1.8032500743865967
6,6,0.75,37,1,0.027547836303710938,1,0.00829315185546875,0.8719029426574707,1.7645630836486816
6,6,0.75,38,1,0.024780988693237305,1,0.008850336074829102,0.5281088352203369,1.8045079708099365
6,6,0.75,39,1,0.024834871292114258,1,0.008162975311279297,0.7040131092071533,1.720747947692871
6,6,0.75,40,1,0.02799201011657715,1,0.00824284553527832,0.7257997989654541,1.8137428760528564
6,6,0.75,41,1,0.026376962661743164,1,0.009177923202514648,0.9172098636627197,2.031407117843628
6,6,0.75,42,1,0.0275881290435791,1,0.013770103454589844,0.958838939666748,1.825469970703125
6,6,0.75,43,1,0.027010679244995117,1,0.008731842041015625,0.6847710609436035,2.0338118076324463
6,6,0.75,44,1,0.03549695014953613,1,0.01022195816040039,0.9818272590637207,1.8151628971099854
6,6,0.75,45,1,0.028050899505615234,1,0.008702278137207031,0.5384912490844727,1.7027108669281006
6,6,0.75,46,1,0.02547597885131836,1,0.008845806121826172,0.8670730590820312,1.885910987854004
6,6,0.75,47,1,0.024750709533691406,1,0.008888006210327148,0.9549338817596436,1.7096219062805176
6,6,0.75,48,1,0.025887012481689453,1,0.008975982666015625,0.8495171070098877,1.6158719062805176
6,6,0.75,49,1,0.03213000297546387,1,0.009629011154174805,0.9201970100402832,1.7259581089019775
6,6,1.0,0,1,0.025250911712646484,1,0.010770082473754883,0.7463228702545166,1.8308532238006592
6,6,1.0,1,1,0.026623010635375977,1,0.01023101806640625,0.747750997543335,1.9312520027160645
6,6,1.0,2,1,0.027743101119995117,1,0.009093999862670898,0.8815658092498779,1.7006568908691406
6,6,1.0,3,1,0.027431011199951172,1,0.009204864501953125,0.7649610042572021,1.7018461227416992
6,6,1.0,4,1,0.02604508399963379,1,0.008393049240112305,0.9159131050109863,1.8018231391906738
6,6,1.0,5,1,0.026447772979736328,1,0.009219884872436523,0.786994218826294,1.7041740417480469
6,6,1.0,6,1,0.024863004684448242,1,0.008115291595458984,0.7611510753631592,1.7213189601898193
6,6,1.0,7,1,0.02691197395324707,1,0.008935928344726562,0.7926111221313477,1.8031299114227295
6,6,1.0,8,1,0.026328086853027344,1,0.009216070175170898,0.8727560043334961,1.722701072692871
6,6,1.0,9,1,0.026668071746826172,1,0.009237051010131836,0.7758128643035889,1.7568671703338623
6,6,1.0,10,1,0.025056123733520508,1,0.009296894073486328,0.5166468620300293,1.7727971076965332
6,6,1.0,11,1,0.026211023330688477,1,0.009163141250610352,0.9217510223388672,1.7060837745666504
6,6,1.0,12,1,0.025343894958496094,1,0.009274005889892578,1.0684449672698975,1.7385742664337158
6,6,1.0,13,1,0.025841951370239258,1,0.008665084838867188,0.8136379718780518,1.7851529121398926
6,6,1.0,14,1,0.037858009338378906,1,0.010668039321899414,1.038727045059204,1.707509994506836
6,6,1.0,15,1,0.025624752044677734,1,0.009435892105102539,0.5247440338134766,1.9387469291687012
6,6,1.0,16,1,0.027375221252441406,1,0.009920120239257812,0.8440158367156982,1.7663631439208984
6,6,1.0,17,1,0.027066946029663086,1,0.010007143020629883,1.0863897800445557,1.8686180114746094
6,6,1.0,18,1,0.026396989822387695,1,0.00864100456237793,0.9655702114105225,2.104279041290283
6,6,1.0,19,1,0.02530694007873535,1,0.008873939514160156,0.7957248687744141,1.9273390769958496
6,6,1.0,20,1,0.03217792510986328,1,0.010675907135009766,1.0323541164398193,1.893333911895752
6,6,1.0,21,1,0.03395700454711914,1,0.015128850936889648,1.0255258083343506,1.7475850582122803
6,6,1.0,22,1,0.025729894638061523,1,0.008744955062866211,0.8719139099121094,1.8265600204467773
6,6,1.0,23,1,0.026639938354492188,1,0.00904703140258789,0.7061338424682617,1.939089298248291
6,6,1.0,24,1,0.027186870574951172,1,0.009037017822265625,0.7435758113861084,1.8454570770263672
6,6,1.0,25,1,0.025552034378051758,1,0.008678197860717773,0.8802781105041504,1.8801629543304443
6,6,1.0,26,1,0.02657485008239746,1,0.008827924728393555,1.002450942993164,1.888092041015625
6,6,1.0,27,1,0.02890801429748535,1,0.00997781753540039,0.7877850532531738,1.9190471172332764
6,6,1.0,28,1,0.037828922271728516,1,0.011384010314941406,1.1019489765167236,2.2094759941101074
6,6,1.0,29,1,0.028454303741455078,1,0.010083913803100586,1.1076250076293945,1.861020803451538
6,6,1.0,30,1,0.027730941772460938,1,0.009324073791503906,0.7523229122161865,1.9395561218261719
6,6,1.0,31,1,0.028727054595947266,1,0.009644031524658203,0.6731290817260742,1.6823749542236328
6,6,1.0,32,1,0.024928808212280273,1,0.00851297378540039,0.8025119304656982,1.8025310039520264
6,6,1.0,33,1,0.02579498291015625,1,0.009408950805664062,0.7378330230712891,1.7923851013183594
6,6,1.0,34,1,0.02513599395751953,1,0.008653879165649414,0.638592004776001,1.787635087966919
6,6,1.0,35,1,0.025717973709106445,1,0.00838923454284668,0.8713359832763672,1.8826870918273926
6,6,1.0,36,1,0.030481815338134766,1,0.008599042892456055,0.764214038848877,1.9439568519592285
6,6,1.0,37,1,0.044706106185913086,1,0.013028144836425781,0.8386309146881104,1.7833898067474365
6,6,1.0,38,1,0.027269840240478516,1,0.00884389877319336,0.7062389850616455,1.8511438369750977
6,6,1.0,39,1,0.037637948989868164,1,0.008584022521972656,0.8194670677185059,1.7704529762268066
6,6,1.0,40,1,0.026014089584350586,1,0.00905299186706543,1.0813171863555908,1.9312760829925537
6,6,1.0,41,1,0.02611994743347168,1,0.009747982025146484,0.6732590198516846,2.0819199085235596
6,6,1.0,42,1,0.030676841735839844,1,0.011262893676757812,0.8830218315124512,1.8259539604187012
6,6,1.0,43,1,0.025655746459960938,1,0.008366823196411133,0.7127149105072021,1.800898790359497
6,6,1.0,44,1,0.026702165603637695,1,0.009823083877563477,0.7549879550933838,1.84324312210083
6,6,1.0,45,1,0.025519847869873047,1,0.00844717025756836,0.9490411281585693,1.8797457218170166
6,6,1.0,46,1,0.03687906265258789,1,0.01441502571105957,0.9260478019714355,1.6702542304992676
6,6,1.0,47,1,0.024430036544799805,1,0.008563995361328125,0.7916312217712402,1.6935298442840576
6,6,1.0,48,1,0.025948047637939453,1,0.008866071701049805,0.39437007904052734,1.932525873184204
6,6,1.0,49,1,0.028033018112182617,1,0.009757041931152344,0.9405131340026855,1.8333990573883057
7,7,0.5,0,1,0.03792905807495117,1,0.010251045227050781,12.26962399482727,40.09656882286072
7,7,0.5,1,1,0.04094290733337402,1,0.01067209243774414,13.498564958572388,38.57500195503235
7,7,0.5,2,1,0.0425570011138916,1,0.01209712028503418,11.618969917297363,42.95208024978638
7,7,0.5,3,1,0.04220294952392578,1,0.010664939880371094,13.629884958267212,40.96748900413513
7,7,0.5,4,1,0.045500755310058594,1,0.01336812973022461,13.243916988372803,40.19009184837341
7,7,0.5,5,1,0.0427098274230957,1,0.01180887222290039,13.169511795043945,42.69747996330261
7,7,0.5,6,1,0.04424309730529785,1,0.010576248168945312,13.652742147445679,40.390599966049194
7,7,0.5,7,1,0.06771016120910645,1,0.014069080352783203,14.659121990203857,45.77292084693909
7,7,0.5,8,1,0.0437312126159668,1,0.011256217956542969,14.703043222427368,42.25765919685364
7,7,0.5,9,1,0.04133009910583496,1,0.01099395751953125,17.84803295135498,43.32025504112244
7,7,0.5,10,1,0.04024791717529297,1,0.010712623596191406,15.091163158416748,41.784189224243164
7,7,0.5,11,1,0.04583287239074707,1,0.011020660400390625,15.959576845169067,42.3089599609375
7,7,0.5,12,1,0.041999101638793945,1,0.010952234268188477,14.344994068145752,45.283660888671875
7,7,0.5,13,1,0.05137825012207031,1,0.012067794799804688,15.6995267868042,46.11818599700928
7,7,0.5,14,1,0.049829721450805664,1,0.01411294937133789,15.31883692741394,43.499605894088745
7,7,0.5,15,1,0.044654130935668945,1,0.01224207878112793,17.980348110198975,46.0618679523468
7,7,0.5,16,1,0.05093884468078613,1,0.01202392578125,16.125367164611816,42.276607036590576
7,7,0.5,17,1,0.04600977897644043,1,0.011108875274658203,15.058114767074585,41.55331897735596
7,7,0.5,18,1,0.05060410499572754,1,0.012023210525512695,16.246700763702393,42.0931179523468
7,7,0.5,19,1,0.04337906837463379,1,0.011955976486206055,14.291956901550293,41.868974924087524
7,7,0.5,20,1,0.044612884521484375,1,0.013455867767333984,15.66941785812378,41.13954305648804
7,7,0.5,21,1,0.049588918685913086,1,0.01215219497680664,13.665579080581665,41.406577825546265
7,7,0.5,22,1,0.04545307159423828,1,0.011373043060302734,11.948207139968872,41.47040891647339
7,7,0.5,23,1,0.04469108581542969,1,0.011840105056762695,13.918626070022583,41.444385051727295
7,7,0.5,24,1,0.04782724380493164,1,0.012115001678466797,10.88634204864502,41.24304485321045
7,7,0.5,25,1,0.04867100715637207,1,0.010814905166625977,16.244189023971558,41.98933792114258
7,7,0.5,26,1,0.045885324478149414,1,0.012377262115478516,15.991876125335693,41.44431686401367
7,7,0.5,27,1,0.048024654388427734,1,0.0114288330078125,13.070219039916992,41.593501806259155
7,7,0.5,28,1,0.04767179489135742,1,0.011621952056884766,14.32936716079712,42.17559576034546
7,7,0.5,29,1,0.042359113693237305,1,0.01248311996459961,16.885353088378906,37.61553502082825
7,7,0.5,30,1,0.04518604278564453,1,0.010033130645751953,11.539077043533325,35.789494037628174
7,7,0.5,31,1,0.043309926986694336,1,0.010318756103515625,10.887964963912964,39.837713956832886
7,7,0.5,32,1,0.04038882255554199,1,0.010686874389648438,11.570181846618652,38.969834089279175
7,7,0.5,33,1,0.04166126251220703,1,0.010397195816040039,12.609664916992188,38.00698804855347
7,7,0.5,34,1,0.04204416275024414,1,0.011607885360717773,10.635951042175293,38.32324290275574
7,7,0.5,35,1,0.04921698570251465,1,0.011020183563232422,10.597788095474243,40.33212113380432
7,7,0.5,36,1,0.037177085876464844,1,0.010404109954833984,10.417668104171753,37.668899059295654
7,7,0.5,37,1,0.04192495346069336,1,0.01077723503112793,12.205097913742065,36.11764192581177
7,7,0.5,38,1,0.04250597953796387,1,0.010332822799682617,12.129633903503418,35.65755605697632
7,7,0.5,39,1,0.044158935546875,1,0.010637044906616211,9.87928819656372,35.758350133895874
7,7,0.5,40,1,0.04146409034729004,1,0.010936737060546875,12.561232089996338,35.82417416572571
7,7,0.5,41,1,0.040018320083618164,1,0.010281085968017578,12.20423173904419,35.869507789611816
7,7,0.5,42,1,0.042742013931274414,1,0.01057887077331543,14.03371810913086,35.864612102508545
7,7,0.5,43,1,0.03860306739807129,1,0.011299848556518555,10.312106132507324,35.89986205101013
7,7,0.5,44,1,0.06069302558898926,1,0.008672952651977539,13.921411991119385,35.9510440826416
7,7,0.5,45,1,0.04184412956237793,1,0.010228157043457031,11.366060018539429,35.95380115509033
7,7,0.5,46,1,0.04079294204711914,1,0.010202169418334961,10.363638162612915,35.69652318954468
7,7,0.5,47,1,0.05100202560424805,1,0.010355949401855469,11.638355016708374,35.67408013343811
7,7,0.5,48,1,0.03819131851196289,1,0.010514974594116211,10.577111959457397,35.78229880332947
7,7,0.5,49,1,0.04783940315246582,1,0.010376930236816406,9.293766021728516,35.948941230773926
7,7,0.75,0,1,0.03917074203491211,1,0.010685920715332031,13.68300199508667,36.17295789718628
7,7,0.75,1,1,0.03938913345336914,1,0.010354042053222656,15.822118997573853,35.98868012428284
7,7,0.75,2,1,0.03704118728637695,1,0.010005950927734375,13.80417776107788,35.844011068344116
7,7,0.75,3,1,0.038519859313964844,1,0.010582923889160156,13.58404803276062,36.144190311431885
7,7,0.75,4,1,0.05151486396789551,1,0.012562990188598633,16.674769163131714,37.287328004837036
7,7,0.75,5,1,0.041504859924316406,1,0.010596036911010742,16.084651708602905,40.086353063583374
7,7,0.75,6,1,0.04444122314453125,1,0.01128697395324707,12.226765155792236,35.88376498222351
7,7,0.75,7,1,0.04103708267211914,1,0.010135889053344727,14.124253034591675,38.444725036621094
7,7,0.75,8,1,0.04191112518310547,1,0.010287284851074219,15.059946060180664,36.826220750808716
7,7,0.75,9,1,0.03916001319885254,1,0.011025190353393555,14.028609037399292,36.31441879272461
7,7,0.75,10,1,0.04162120819091797,1,0.010064125061035156,13.933182001113892,39.44013476371765
7,7,0.75,11,1,0.037879228591918945,1,0.010994911193847656,15.076317071914673,36.928998947143555
7,7,0.75,12,1,0.042037010192871094,1,0.010096073150634766,12.23471212387085,36.01790475845337
7,7,0.75,13,1,0.03963208198547363,1,0.010200262069702148,13.399223804473877,36.036795139312744
7,7,0.75,14,1,0.037352800369262695,1,0.010267257690429688,15.836189031600952,36.13560080528259
7,7,0.75,15,1,0.04865837097167969,1,0.010484933853149414,14.933627843856812,36.35960507392883
7,7,0.75,16,1,0.03799796104431152,1,0.010265111923217773,14.026166915893555,35.960330963134766
7,7,0.75,17,1,0.038804054260253906,1,0.010226249694824219,14.861748933792114,38.428154945373535
7,7,0.75,18,1,0.04235100746154785,1,0.010457992553710938,13.665534973144531,35.98236012458801
7,7,0.75,19,1,0.03802084922790527,1,0.010192155838012695,11.93965482711792,36.247087240219116
7,7,0.75,20,1,0.03910565376281738,1,0.010236740112304688,13.099329233169556,39.32422614097595
7,7,0.75,21,1,0.04518294334411621,1,0.011255979537963867,13.080350875854492,36.12272000312805
7,7,0.75,22,1,0.04131126403808594,1,0.011053085327148438,11.91537618637085,36.255743980407715
7,7,0.75,23,1,0.037912845611572266,1,0.010354995727539062,10.999366998672485,35.74514102935791
7,7,0.75,24,1,0.0386350154876709,1,0.010429143905639648,13.211297035217285,36.199278116226196
7,7,0.75,25,1,0.05489206314086914,1,0.010789155960083008,15.646896123886108,41.64568114280701
7,7,0.75,26,1,0.04190468788146973,1,0.012118101119995117,18.400776863098145,37.836450815200806
7,7,0.75,27,1,0.038787841796875,1,0.00997781753540039,16.775264024734497,37.67825388908386
7,7,0.75,28,1,0.03720879554748535,1,0.009624719619750977,14.619071960449219,34.57634997367859
7,7,0.75,29,1,0.04002714157104492,1,0.010077953338623047,13.580561876296997,35.16701102256775
7,7,0.75,30,1,0.03789520263671875,1,0.010020017623901367,14.939112186431885,38.98441433906555
7,7,0.75,31,1,0.0456087589263916,1,0.01293182373046875,18.073169946670532,37.87720322608948
7,7,0.75,32,1,0.040756940841674805,1,0.011490106582641602,11.653518915176392,40.916725873947144
7,7,0.75,33,1,0.04357099533081055,1,0.013064861297607422,13.584452152252197,36.21410393714905
7,7,0.75,34,1,0.04115104675292969,1,0.011338949203491211,11.921049118041992,36.270681858062744
7,7,0.75,35,1,0.03589677810668945,1,0.010220050811767578,12.454296112060547,34.30560803413391
7,7,0.75,36,1,0.038207292556762695,1,0.01001119613647461,13.81433916091919,35.50835824012756
7,7,0.75,37,1,0.038494110107421875,1,0.009956121444702148,11.868381977081299,34.50632977485657
7,7,0.75,38,1,0.04986310005187988,1,0.01077413558959961,12.18531608581543,34.52738380432129
7,7,0.75,39,1,0.03725099563598633,1,0.00983881950378418,16.485692024230957,36.49577212333679
7,7,0.75,40,1,0.037271738052368164,1,0.009769916534423828,15.665549755096436,37.714784145355225
7,7,0.75,41,1,0.049024105072021484,1,0.010222196578979492,15.333993911743164,37.692975759506226
7,7,0.75,42,1,0.051570892333984375,1,0.018829822540283203,14.503122806549072,37.02288579940796
7,7,0.75,43,1,0.043634891510009766,1,0.010421037673950195,15.295496940612793,36.87603187561035
7,7,0.75,44,1,0.04867196083068848,1,0.011124849319458008,10.205678224563599,37.751065731048584
7,7,0.75,45,1,0.042675018310546875,1,0.010947942733764648,13.137157201766968,36.97391176223755
7,7,0.75,46,1,0.037602901458740234,1,0.009627342224121094,14.932372093200684,35.52951407432556
7,7,0.75,47,1,0.040962934494018555,1,0.010540962219238281,12.905750751495361,37.278053998947144
7,7,0.75,48,1,0.040387868881225586,1,0.010473966598510742,11.636893033981323,38.42229700088501
7,7,0.75,49,1,0.03651571273803711,1,0.009982109069824219,11.949445247650146,37.73148703575134
7,7,1.0,0,1,0.040557146072387695,1,0.010605096817016602,20.01651620864868,40.16827607154846
7,7,1.0,1,1,0.049237966537475586,1,0.017049074172973633,16.213915824890137,40.57686805725098
7,7,1.0,2,1,0.036911964416503906,1,0.010147809982299805,13.460139989852905,41.95623993873596
7,7,1.0,3,1,0.041251182556152344,1,0.01083230972290039,16.48775005340576,39.1911780834198
7,7,1.0,4,1,0.039186954498291016,1,0.010067939758300781,16.399277210235596,39.83195900917053
7,7,1.0,5,1,0.04027223587036133,1,0.011059045791625977,17.254520893096924,40.01668310165405
7,7,1.0,6,1,0.03960990905761719,1,0.01029205322265625,13.239415884017944,39.714638233184814
7,7,1.0,7,1,0.04103803634643555,1,0.011424064636230469,16.92491316795349,39.34741711616516
7,7,1.0,8,1,0.037927865982055664,1,0.009924888610839844,15.224107027053833,40.14044976234436
7,7,1.0,9,1,0.041098833084106445,1,0.010271072387695312,15.21910810470581,39.670467138290405
7,7,1.0,10,1,0.042471885681152344,1,0.011622190475463867,19.858314037322998,43.33477997779846
7,7,1.0,11,1,0.03854990005493164,1,0.00997614860534668,21.17968988418579,39.981950998306274
7,7,1.0,12,1,0.03898477554321289,1,0.010163068771362305,16.804442167282104,40.100991010665894
7,7,1.0,13,1,0.06848001480102539,1,0.011687040328979492,12.409286737442017,39.54383206367493
7,7,1.0,14,1,0.04272103309631348,1,0.010789871215820312,16.88767910003662,39.82586121559143
7,7,1.0,15,1,0.04082989692687988,1,0.010702133178710938,18.882230043411255,40.14477300643921
7,7,1.0,16,1,0.03936123847961426,1,0.011609077453613281,17.472227096557617,39.981743812561035
7,7,1.0,17,1,0.040206193923950195,1,0.010396957397460938,12.357552766799927,41.11232304573059
7,7,1.0,18,1,0.0508427619934082,1,0.010967016220092773,14.650275707244873,39.667054176330566
7,7,1.0,19,1,0.046724796295166016,1,0.01102590560913086,19.456416845321655,39.84394383430481
7,7,1.0,20,1,0.04368877410888672,1,0.010442018508911133,15.688125133514404,39.69385004043579
7,7,1.0,21,1,0.04315018653869629,1,0.010478973388671875,14.669286251068115,37.16707515716553
7,7,1.0,22,1,0.03724026679992676,1,0.010566949844360352,18.91500973701477,37.69102096557617
7,7,1.0,23,1,0.0987849235534668,1,0.009965896606445312,14.1440110206604,37.502856969833374
7,7,1.0,24,1,0.04004192352294922,1,0.010225057601928711,11.912676095962524,39.0439670085907
7,7,1.0,25,1,0.04358506202697754,1,0.010451793670654297,16.11121106147766,38.26934313774109
7,7,1.0,26,1,0.03829503059387207,1,0.009799957275390625,16.56416940689087,37.36170697212219
7,7,1.0,27,1,0.04036998748779297,1,0.01025700569152832,13.429556846618652,37.526232957839966
7,7,1.0,28,1,0.039353132247924805,1,0.01026606559753418,14.04270601272583,37.63359498977661
7,7,1.0,29,1,0.0429990291595459,1,0.011306047439575195,15.046454191207886,37.914063930511475
7,7,1.0,30,1,0.04871511459350586,1,0.010229110717773438,12.551843166351318,38.578951835632324
7,7,1.0,31,1,0.04243111610412598,1,0.010448217391967773,18.14978814125061,37.88182711601257
7,7,1.0,32,1,0.04262399673461914,1,0.010741949081420898,17.70131492614746,37.74145007133484
7,7,1.0,33,1,0.03950905799865723,1,0.010169029235839844,14.773001909255981,38.99937105178833
7,7,1.0,34,1,0.03860807418823242,1,0.010885953903198242,14.962193965911865,38.67307806015015
7,7,1.0,35,1,0.03798675537109375,1,0.009980916976928711,17.53993272781372,37.63614320755005
7,7,1.0,36,1,0.03988194465637207,1,0.010531902313232422,17.42984175682068,38.02567982673645
7,7,1.0,37,1,0.04726290702819824,1,0.010402917861938477,15.520187139511108,39.04353904724121
7,7,1.0,38,1,0.04227709770202637,1,0.010999917984008789,15.202064752578735,37.80049991607666
7,7,1.0,39,1,0.038826704025268555,1,0.009917020797729492,16.66573476791382,37.98429489135742
7,7,1.0,40,1,0.040669918060302734,1,0.0102691650390625,17.78833317756653,38.15249586105347
7,7,1.0,41,1,0.03888392448425293,1,0.010601997375488281,16.251322984695435,36.74517512321472
7,7,1.0,42,1,0.04397392272949219,1,0.01090097427368164,14.330930948257446,37.57398200035095
7,7,1.0,43,1,0.04590296745300293,1,0.011455059051513672,14.311546087265015,37.99840307235718
7,7,1.0,44,1,0.044558048248291016,1,0.010798215866088867,16.555329084396362,37.60567283630371
7,7,1.0,45,1,0.0386507511138916,1,0.010079145431518555,14.544740915298462,37.16822075843811
7,7,1.0,46,1,0.045806169509887695,1,0.011689901351928711,14.57835078239441,37.33465814590454
7,7,1.0,47,1,0.04482698440551758,1,0.010000228881835938,13.60330605506897,37.75011682510376
7,7,1.0,48,1,0.038523197174072266,1,0.009878873825073242,14.562250137329102,37.61213994026184
7,7,1.0,49,1,0.049591064453125,1,0.011268138885498047,15.370354890823364,37.98713302612305
