Agents,Objects,Phi,Sample,UMinEF_Solution,GRB-UMinEF-Time,UMinPO_Solution,GRB-UMinPO-Time,DP-UMinPO-Time,DP-UMinEF-Time
2,2,0.5,0,0,0.006909847259521484,0,0.001789093017578125,0.0008378028869628906,8.702278137207031e-05
2,2,0.5,1,0,0.0007779598236083984,0,0.0010578632354736328,0.0005838871002197266,9.703636169433594e-05
2,2,0.5,2,0,0.0009160041809082031,0,0.0012021064758300781,0.0006630420684814453,9.822845458984375e-05
2,2,0.5,3,1,0.0013420581817626953,1,0.001725912094116211,0.0009198188781738281,0.00015091896057128906
2,2,0.5,4,0,0.0008552074432373047,0,0.0017731189727783203,0.0006959438323974609,0.00012683868408203125
2,2,0.5,5,0,0.0012080669403076172,0,0.0015060901641845703,0.0006120204925537109,8.702278137207031e-05
2,2,0.5,6,0,0.001107931137084961,0,0.0012829303741455078,0.0006291866302490234,9.298324584960938e-05
2,2,0.5,7,1,0.0009889602661132812,1,0.0014462471008300781,0.0007140636444091797,0.00010085105895996094
2,2,0.5,8,1,0.0012819766998291016,1,0.0014100074768066406,0.0006248950958251953,9.489059448242188e-05
2,2,0.5,9,0,0.001276254653930664,0,0.0019178390502929688,0.0008530616760253906,0.0001270771026611328
2,2,0.5,10,0,0.0010027885437011719,0,0.001313924789428711,0.0006279945373535156,0.00012302398681640625
2,2,0.5,11,0,0.0009999275207519531,0,0.0011970996856689453,0.0007908344268798828,0.00019097328186035156
2,2,0.5,12,1,0.0009768009185791016,1,0.0013020038604736328,0.0006620883941650391,9.608268737792969e-05
2,2,0.5,13,0,0.0009121894836425781,0,0.0016109943389892578,0.0007150173187255859,9.083747863769531e-05
2,2,0.5,14,0,0.0008361339569091797,0,0.0011410713195800781,0.0008962154388427734,0.000102996826171875
2,2,0.5,15,1,0.001123666763305664,1,0.0017888545989990234,0.0007960796356201172,0.00010514259338378906
2,2,0.5,16,0,0.0009672641754150391,0,0.0011932849884033203,0.0006449222564697266,8.797645568847656e-05
2,2,0.5,17,0,0.0007619857788085938,0,0.001238107681274414,0.0006577968597412109,8.606910705566406e-05
2,2,0.5,18,0,0.0007729530334472656,0,0.0010402202606201172,0.0005230903625488281,7.891654968261719e-05
2,2,0.5,19,0,0.0007269382476806641,0,0.0010650157928466797,0.0005509853363037109,7.700920104980469e-05
2,2,0.5,20,0,0.0008261203765869141,0,0.0013568401336669922,0.0005910396575927734,8.797645568847656e-05
2,2,0.5,21,1,0.0009100437164306641,1,0.0011067390441894531,0.0005869865417480469,9.393692016601562e-05
2,2,0.5,22,1,0.0007748603820800781,1,0.0010290145874023438,0.0005230903625488281,8.20159912109375e-05
2,2,0.5,23,1,0.0008289813995361328,1,0.0010528564453125,0.0005421638488769531,0.00011706352233886719
2,2,0.5,24,0,0.0007071495056152344,0,0.001035928726196289,0.0005090236663818359,7.343292236328125e-05
2,2,0.5,25,1,0.0009658336639404297,1,0.0012280941009521484,0.0005838871002197266,8.606910705566406e-05
2,2,0.5,26,0,0.0010409355163574219,0,0.001087188720703125,0.0007789134979248047,8.893013000488281e-05
2,2,0.5,27,0,0.0008130073547363281,0,0.0011730194091796875,0.0006101131439208984,9.703636169433594e-05
2,2,0.5,28,0,0.0007960796356201172,0,0.0011510848999023438,0.0006260871887207031,8.678436279296875e-05
2,2,0.5,29,1,0.0008733272552490234,1,0.0010790824890136719,0.0006549358367919922,0.00010704994201660156
2,2,0.5,30,0,0.0009007453918457031,0,0.0011751651763916016,0.0005571842193603516,7.987022399902344e-05
2,2,0.5,31,0,0.0007748603820800781,0,0.0009548664093017578,0.0005152225494384766,7.605552673339844e-05
2,2,0.5,32,0,0.0006821155548095703,0,0.000972747802734375,0.0005099773406982422,7.390975952148438e-05
2,2,0.5,33,0,0.0006537437438964844,0,0.0009260177612304688,0.0005092620849609375,7.677078247070312e-05
2,2,0.5,34,1,0.0008587837219238281,1,0.0010631084442138672,0.0005576610565185547,8.797645568847656e-05
2,2,0.5,35,0,0.0008230209350585938,0,0.0010309219360351562,0.0005462169647216797,7.486343383789062e-05
2,2,0.5,36,1,0.00074005126953125,1,0.0009882450103759766,0.0005240440368652344,8.177757263183594e-05
2,2,0.5,37,1,0.0007617473602294922,1,0.0010612010955810547,0.0005590915679931641,9.322166442871094e-05
2,2,0.5,38,0,0.0007388591766357422,0,0.0010118484497070312,0.0005321502685546875,7.891654968261719e-05
2,2,0.5,39,1,0.0007917881011962891,1,0.0011019706726074219,0.0006482601165771484,8.606910705566406e-05
2,2,0.5,40,1,0.0010366439819335938,1,0.0012431144714355469,0.0005979537963867188,9.107589721679688e-05
2,2,0.5,41,1,0.0007760524749755859,1,0.0010368824005126953,0.0005319118499755859,9.822845458984375e-05
2,2,0.5,42,0,0.0006897449493408203,0,0.0009920597076416016,0.0005691051483154297,7.605552673339844e-05
2,2,0.5,43,1,0.0007321834564208984,1,0.0009489059448242188,0.0004930496215820312,7.772445678710938e-05
2,2,0.5,44,1,0.0006928443908691406,1,0.0009458065032958984,0.0004870891571044922,7.796287536621094e-05
2,2,0.5,45,1,0.0007450580596923828,1,0.0012922286987304688,0.0005929470062255859,8.988380432128906e-05
2,2,0.5,46,0,0.0007557868957519531,0,0.0009911060333251953,0.0005099773406982422,7.104873657226562e-05
2,2,0.5,47,0,0.0006430149078369141,0,0.0009021759033203125,0.0004730224609375,7.009506225585938e-05
2,2,0.5,48,1,0.0007092952728271484,1,0.0009560585021972656,0.0004968643188476562,7.915496826171875e-05
2,2,0.5,49,0,0.0006589889526367188,0,0.0009050369262695312,0.0005660057067871094,9.179115295410156e-05
2,2,0.75,0,1,0.0007832050323486328,1,0.0010497570037841797,0.0005578994750976562,8.296966552734375e-05
2,2,0.75,1,1,0.0007700920104980469,1,0.0009789466857910156,0.0005183219909667969,7.891654968261719e-05
2,2,0.75,2,1,0.0006947517395019531,1,0.0009629726409912109,0.0005640983581542969,7.772445678710938e-05
2,2,0.75,3,0,0.0006268024444580078,0,0.000885009765625,0.0005168914794921875,8.821487426757812e-05
2,2,0.75,4,0,0.0007691383361816406,0,0.0010166168212890625,0.0005309581756591797,7.891654968261719e-05
2,2,0.75,5,0,0.0007870197296142578,0,0.0010340213775634766,0.0005347728729248047,7.581710815429688e-05
2,2,0.75,6,1,0.0012311935424804688,1,0.0010998249053955078,0.0005629062652587891,8.606910705566406e-05
2,2,0.75,7,0,0.0006818771362304688,0,0.0009260177612304688,0.0005578994750976562,8.106231689453125e-05
2,2,0.75,8,0,0.0006742477416992188,0,0.0009610652923583984,0.0005152225494384766,7.295608520507812e-05
2,2,0.75,9,0,0.0006759166717529297,0,0.0009751319885253906,0.0005197525024414062,7.605552673339844e-05
2,2,0.75,10,0,0.0007066726684570312,0,0.0011110305786132812,0.0005371570587158203,7.915496826171875e-05
2,2,0.75,11,1,0.0008671283721923828,1,0.0013492107391357422,0.0006389617919921875,9.489059448242188e-05
2,2,0.75,12,0,0.0007698535919189453,0,0.0010333061218261719,0.0005581378936767578,8.0108642578125e-05
2,2,0.75,13,0,0.0007617473602294922,0,0.0010559558868408203,0.0005779266357421875,0.00012111663818359375
2,2,0.75,14,1,0.0008547306060791016,1,0.00115203857421875,0.0006101131439208984,9.799003601074219e-05
2,2,0.75,15,1,0.0008141994476318359,1,0.0011267662048339844,0.0007119178771972656,9.608268737792969e-05
2,2,0.75,16,0,0.0008640289306640625,0,0.0011446475982666016,0.0005888938903808594,8.702278137207031e-05
2,2,0.75,17,0,0.0007350444793701172,0,0.0010449886322021484,0.0005209445953369141,7.677078247070312e-05
2,2,0.75,18,0,0.0007233619689941406,0,0.0009868144989013672,0.0005247592926025391,7.82012939453125e-05
2,2,0.75,19,1,0.0007779598236083984,1,0.0010180473327636719,0.0005381107330322266,9.775161743164062e-05
2,2,0.75,20,1,0.000720977783203125,1,0.0011038780212402344,0.0005209445953369141,8.416175842285156e-05
2,2,0.75,21,1,0.0009191036224365234,1,0.0010669231414794922,0.0005660057067871094,8.821487426757812e-05
2,2,0.75,22,0,0.0006649494171142578,0,0.0009109973907470703,0.0004820823669433594,7.200241088867188e-05
2,2,0.75,23,0,0.0006346702575683594,0,0.0009510517120361328,0.0004737377166748047,7.200241088867188e-05
2,2,0.75,24,0,0.0007040500640869141,0,0.0009288787841796875,0.0004949569702148438,7.200241088867188e-05
2,2,0.75,25,1,0.0007281303405761719,1,0.00096893310546875,0.0005209445953369141,8.20159912109375e-05
2,2,0.75,26,1,0.0007507801055908203,1,0.001093149185180664,0.0006551742553710938,0.0002079010009765625
2,2,0.75,27,0,0.0008382797241210938,0,0.0009930133819580078,0.0005321502685546875,7.414817810058594e-05
2,2,0.75,28,1,0.0006802082061767578,1,0.0009210109710693359,0.0005099773406982422,7.891654968261719e-05
2,2,0.75,29,1,0.0007238388061523438,1,0.0009407997131347656,0.0005199909210205078,7.891654968261719e-05
2,2,0.75,30,1,0.0007021427154541016,1,0.0009260177612304688,0.0005812644958496094,7.891654968261719e-05
2,2,0.75,31,1,0.0006940364837646484,1,0.0011022090911865234,0.0005087852478027344,7.796287536621094e-05
2,2,0.75,32,0,0.0007448196411132812,0,0.0009992122650146484,0.0005168914794921875,7.510185241699219e-05
2,2,0.75,33,1,0.0007171630859375,1,0.0009851455688476562,0.0005362033843994141,8.225440979003906e-05
2,2,0.75,34,0,0.0006451606750488281,0,0.0008697509765625,0.0004947185516357422,7.510185241699219e-05
2,2,0.75,35,0,0.0007319450378417969,0,0.0009462833404541016,0.00067901611328125,8.893013000488281e-05
2,2,0.75,36,1,0.0007719993591308594,1,0.0009891986846923828,0.0005431175231933594,8.296966552734375e-05
2,2,0.75,37,1,0.001622915267944336,1,0.0015139579772949219,0.0005362033843994141,8.106231689453125e-05
2,2,0.75,38,1,0.0007259845733642578,1,0.0009453296661376953,0.0004839897155761719,7.677078247070312e-05
2,2,0.75,39,0,0.0006551742553710938,0,0.0008919239044189453,0.00047707557678222656,7.081031799316406e-05
2,2,0.75,40,0,0.0006368160247802734,0,0.0009176731109619141,0.0004968643188476562,7.295608520507812e-05
2,2,0.75,41,1,0.0007309913635253906,1,0.0010268688201904297,0.000579833984375,8.797645568847656e-05
2,2,0.75,42,1,0.0008177757263183594,1,0.0013890266418457031,0.0006291866302490234,9.179115295410156e-05
2,2,0.75,43,1,0.0008032321929931641,1,0.0010230541229248047,0.0005168914794921875,8.106231689453125e-05
2,2,0.75,44,1,0.0006928443908691406,1,0.0009520053863525391,0.00047516822814941406,7.82012939453125e-05
2,2,0.75,45,0,0.0007088184356689453,0,0.0009169578552246094,0.0005249977111816406,7.295608520507812e-05
2,2,0.75,46,1,0.0007090568542480469,1,0.0010068416595458984,0.0005319118499755859,8.392333984375e-05
2,2,0.75,47,0,0.0006668567657470703,0,0.0009710788726806641,0.0005879402160644531,0.0001342296600341797
2,2,0.75,48,1,0.0007901191711425781,1,0.0009982585906982422,0.0005390644073486328,8.559226989746094e-05
2,2,0.75,49,1,0.0008690357208251953,1,0.000988006591796875,0.0005040168762207031,9.489059448242188e-05
2,2,1.0,0,0,0.0007259845733642578,0,0.0013539791107177734,0.0005929470062255859,7.987022399902344e-05
2,2,1.0,1,0,0.0007960796356201172,0,0.0011489391326904297,0.0006709098815917969,8.702278137207031e-05
2,2,1.0,2,0,0.0008337497711181641,0,0.001451730728149414,0.0007910728454589844,8.988380432128906e-05
2,2,1.0,3,0,0.0007481575012207031,0,0.001051187515258789,0.0005288124084472656,7.605552673339844e-05
2,2,1.0,4,1,0.0007388591766357422,1,0.0010378360748291016,0.0004968643188476562,7.987022399902344e-05
2,2,1.0,5,0,0.0007219314575195312,0,0.0009930133819580078,0.0005235671997070312,7.605552673339844e-05
2,2,1.0,6,0,0.0006868839263916016,0,0.0008857250213623047,0.0004680156707763672,6.866455078125e-05
2,2,1.0,7,0,0.0006558895111083984,0,0.0009198188781738281,0.00049591064453125,8.106231689453125e-05
2,2,1.0,8,0,0.000720977783203125,0,0.0009610652923583984,0.0005171298980712891,7.390975952148438e-05
2,2,1.0,9,0,0.0006399154663085938,0,0.0008838176727294922,0.0006363391876220703,7.224082946777344e-05
2,2,1.0,10,0,0.0006368160247802734,0,0.0009059906005859375,0.0004818439483642578,8.702278137207031e-05
2,2,1.0,11,0,0.0006892681121826172,0,0.0009601116180419922,0.0005049705505371094,7.700920104980469e-05
2,2,1.0,12,0,0.00067901611328125,0,0.0010008811950683594,0.0005779266357421875,8.296966552734375e-05
2,2,1.0,13,1,0.0008552074432373047,1,0.001222848892211914,0.0007402896881103516,8.988380432128906e-05
2,2,1.0,14,0,0.0007281303405761719,0,0.0009491443634033203,0.0005199909210205078,7.390975952148438e-05
2,2,1.0,15,0,0.0007228851318359375,0,0.0008912086486816406,0.0004761219024658203,7.104873657226562e-05
2,2,1.0,16,0,0.0006337165832519531,0,0.0009648799896240234,0.0004918575286865234,7.390975952148438e-05
2,2,1.0,17,0,0.0006678104400634766,0,0.0009291172027587891,0.0004851818084716797,7.486343383789062e-05
2,2,1.0,18,0,0.0006968975067138672,0,0.0009708404541015625,0.0005078315734863281,7.700920104980469e-05
2,2,1.0,19,0,0.0009663105010986328,0,0.0011126995086669922,0.0005681514739990234,8.106231689453125e-05
2,2,1.0,20,1,0.0007679462432861328,1,0.001010894775390625,0.0005140304565429688,8.296966552734375e-05
2,2,1.0,21,0,0.0006768703460693359,0,0.0009241104125976562,0.0004620552062988281,7.104873657226562e-05
2,2,1.0,22,0,0.0006327629089355469,0,0.000885009765625,0.0004742145538330078,7.081031799316406e-05
2,2,1.0,23,0,0.0006330013275146484,0,0.0008881092071533203,0.000537872314453125,7.295608520507812e-05
2,2,1.0,24,0,0.00067901611328125,0,0.0009059906005859375,0.0005328655242919922,7.772445678710938e-05
2,2,1.0,25,0,0.0007331371307373047,0,0.0009291172027587891,0.0005090236663818359,7.295608520507812e-05
2,2,1.0,26,1,0.0006990432739257812,1,0.0009410381317138672,0.0004961490631103516,7.867813110351562e-05
2,2,1.0,27,0,0.0006721019744873047,0,0.0008981227874755859,0.0004949569702148438,7.200241088867188e-05
2,2,1.0,28,0,0.0006630420684814453,0,0.0008981227874755859,0.0004937648773193359,7.200241088867188e-05
2,2,1.0,29,0,0.0006420612335205078,0,0.0010199546813964844,0.0005102157592773438,7.200241088867188e-05
2,2,1.0,30,0,0.0006792545318603516,0,0.0013620853424072266,0.0006248950958251953,8.0108642578125e-05
2,2,1.0,31,0,0.0007271766662597656,0,0.0010280609130859375,0.0005199909210205078,7.295608520507812e-05
2,2,1.0,32,1,0.0007250308990478516,1,0.0010781288146972656,0.0006318092346191406,8.797645568847656e-05
2,2,1.0,33,1,0.0007810592651367188,1,0.0011019706726074219,0.0005459785461425781,8.392333984375e-05
2,2,1.0,34,1,0.0008761882781982422,1,0.001129150390625,0.001043081283569336,8.606910705566406e-05
2,2,1.0,35,1,0.0009660720825195312,1,0.001852273941040039,0.0005419254302978516,8.296966552734375e-05
2,2,1.0,36,0,0.0006661415100097656,0,0.0008792877197265625,0.0004608631134033203,7.009506225585938e-05
2,2,1.0,37,1,0.0006616115570068359,1,0.0009138584136962891,0.00047707557678222656,7.82012939453125e-05
2,2,1.0,38,0,0.0007219314575195312,0,0.0009999275207519531,0.0005171298980712891,7.390975952148438e-05
2,2,1.0,39,0,0.0007486343383789062,0,0.000982046127319336,0.0005598068237304688,8.416175842285156e-05
2,2,1.0,40,1,0.0007810592651367188,1,0.0010848045349121094,0.0005431175231933594,8.392333984375e-05
2,2,1.0,41,1,0.0008001327514648438,1,0.001009225845336914,0.0005576610565185547,8.606910705566406e-05
2,2,1.0,42,0,0.0006947517395019531,0,0.0010008811950683594,0.0005393028259277344,7.987022399902344e-05
2,2,1.0,43,1,0.0007908344268798828,1,0.001129150390625,0.0005948543548583984,9.274482727050781e-05
2,2,1.0,44,1,0.0008080005645751953,1,0.0011179447174072266,0.0005786418914794922,9.274482727050781e-05
2,2,1.0,45,1,0.0008449554443359375,1,0.0011849403381347656,0.0006971359252929688,9.989738464355469e-05
2,2,1.0,46,1,0.0008649826049804688,1,0.0011529922485351562,0.00060272216796875,9.584426879882812e-05
2,2,1.0,47,0,0.0007700920104980469,0,0.0010790824890136719,0.0005791187286376953,8.702278137207031e-05
2,2,1.0,48,1,0.0008580684661865234,1,0.0013031959533691406,0.000640869140625,9.775161743164062e-05
2,2,1.0,49,0,0.0008020401000976562,0,0.0011031627655029297,0.0006930828094482422,9.393692016601562e-05
3,3,0.5,0,0,0.00144195556640625,0,0.0015058517456054688,0.0006558895111083984,0.00024008750915527344
3,3,0.5,1,0,0.0011069774627685547,1,0.0014948844909667969,0.0006761550903320312,0.0002741813659667969
3,3,0.5,2,0,0.0011889934539794922,1,0.0016810894012451172,0.0009129047393798828,0.00030517578125
3,3,0.5,3,0,0.0012729167938232422,0,0.0015461444854736328,0.0008037090301513672,0.0002300739288330078
3,3,0.5,4,0,0.0012929439544677734,1,0.0014641284942626953,0.0006573200225830078,0.0002651214599609375
3,3,0.5,5,0,0.0010552406311035156,1,0.0013561248779296875,0.0006458759307861328,0.00026226043701171875
3,3,0.5,6,1,0.0010979175567626953,1,0.0013480186462402344,0.0006399154663085938,0.0002739429473876953
3,3,0.5,7,0,0.0011937618255615234,1,0.0015628337860107422,0.0006961822509765625,0.0002739429473876953
3,3,0.5,8,0,0.001134634017944336,1,0.0013642311096191406,0.0006678104400634766,0.00026226043701171875
3,3,0.5,9,1,0.0011048316955566406,1,0.0014100074768066406,0.0007510185241699219,0.0002727508544921875
3,3,0.5,10,0,0.0011420249938964844,1,0.0014262199401855469,0.0006871223449707031,0.00026607513427734375
3,3,0.5,11,0,0.0012581348419189453,0,0.0014467239379882812,0.0006310939788818359,0.00021076202392578125
3,3,0.5,12,0,0.001055002212524414,1,0.0013849735260009766,0.0007669925689697266,0.0002789497375488281
3,3,0.5,13,0,0.0011641979217529297,1,0.0016598701477050781,0.0007071495056152344,0.0002727508544921875
3,3,0.5,14,0,0.00110626220703125,1,0.0013880729675292969,0.0006511211395263672,0.0002620220184326172
3,3,0.5,15,0,0.0015308856964111328,1,0.001589059829711914,0.0007369518280029297,0.0002701282501220703
3,3,0.5,16,0,0.0010869503021240234,1,0.0013709068298339844,0.0006818771362304688,0.0002589225769042969
3,3,0.5,17,1,0.001194000244140625,1,0.0014467239379882812,0.0007500648498535156,0.0002720355987548828
3,3,0.5,18,0,0.0011332035064697266,1,0.0014691352844238281,0.0007250308990478516,0.00026488304138183594
3,3,0.5,19,0,0.0012710094451904297,1,0.0014579296112060547,0.0006649494171142578,0.0002620220184326172
3,3,0.5,20,1,0.0011157989501953125,1,0.0014867782592773438,0.0007610321044921875,0.0002627372741699219
3,3,0.5,21,0,0.0010650157928466797,1,0.001329183578491211,0.0006368160247802734,0.00025582313537597656
3,3,0.5,22,0,0.001081705093383789,1,0.001367807388305664,0.0008549690246582031,0.0003352165222167969
3,3,0.5,23,0,0.0012390613555908203,1,0.0015118122100830078,0.0007479190826416016,0.0002741813659667969
3,3,0.5,24,0,0.0011301040649414062,1,0.0015270709991455078,0.0007419586181640625,0.0002779960632324219
3,3,0.5,25,0,0.0012269020080566406,1,0.001542806625366211,0.0007600784301757812,0.0002932548522949219
3,3,0.5,26,0,0.0013680458068847656,1,0.0018367767333984375,0.0007762908935546875,0.0002818107604980469
3,3,0.5,27,0,0.001194000244140625,1,0.0014581680297851562,0.0007038116455078125,0.0002720355987548828
3,3,0.5,28,0,0.0011448860168457031,1,0.0014159679412841797,0.0006680488586425781,0.0002627372741699219
3,3,0.5,29,0,0.0010890960693359375,1,0.0013718605041503906,0.0006690025329589844,0.00025916099548339844
3,3,0.5,30,1,0.0012080669403076172,1,0.0015358924865722656,0.0007369518280029297,0.0002796649932861328
3,3,0.5,31,0,0.0011391639709472656,1,0.0014519691467285156,0.0007052421569824219,0.0002789497375488281
3,3,0.5,32,0,0.0011577606201171875,1,0.001461029052734375,0.0008420944213867188,0.0002808570861816406
3,3,0.5,33,0,0.0011551380157470703,1,0.0014598369598388672,0.0007460117340087891,0.0002980232238769531
3,3,0.5,34,0,0.0012500286102294922,1,0.0015490055084228516,0.0007269382476806641,0.0002799034118652344
3,3,0.5,35,0,0.0012259483337402344,0,0.0014650821685791016,0.0006542205810546875,0.000225067138671875
3,3,0.5,36,0,0.0011887550354003906,1,0.0014948844909667969,0.0007269382476806641,0.0002868175506591797
3,3,0.5,37,0,0.0012142658233642578,1,0.0015807151794433594,0.0008382797241210938,0.0002949237823486328
3,3,0.5,38,0,0.001251220703125,1,0.0015239715576171875,0.0007312297821044922,0.00028395652770996094
3,3,0.5,39,0,0.0011789798736572266,0,0.0014698505401611328,0.0006468296051025391,0.0002307891845703125
3,3,0.5,40,0,0.0012319087982177734,1,0.00150299072265625,0.0007317066192626953,0.00028586387634277344
3,3,0.5,41,0,0.0012540817260742188,1,0.0018768310546875,0.0007612705230712891,0.0003020763397216797
3,3,0.5,42,0,0.0011889934539794922,1,0.0015120506286621094,0.0007941722869873047,0.0002868175506591797
3,3,0.5,43,0,0.0013036727905273438,1,0.001505136489868164,0.0006811618804931641,0.00025916099548339844
3,3,0.5,44,0,0.0010929107666015625,1,0.0014231204986572266,0.0007159709930419922,0.0002799034118652344
3,3,0.5,45,0,0.0011250972747802734,1,0.0014278888702392578,0.0006687641143798828,0.00025725364685058594
3,3,0.5,46,0,0.0010569095611572266,1,0.0013241767883300781,0.0006508827209472656,0.0002579689025878906
3,3,0.5,47,0,0.0012657642364501953,0,0.0016069412231445312,0.0006971359252929688,0.0002219676971435547
3,3,0.5,48,0,0.0012590885162353516,0,0.0019230842590332031,0.0007679462432861328,0.0002231597900390625
3,3,0.5,49,0,0.0011970996856689453,0,0.001331329345703125,0.0005939006805419922,0.00020623207092285156
3,3,0.75,0,0,0.001068115234375,1,0.0013723373413085938,0.0006670951843261719,0.00028228759765625
3,3,0.75,1,0,0.0012540817260742188,1,0.0020427703857421875,0.0007302761077880859,0.0002627372741699219
3,3,0.75,2,0,0.0012578964233398438,1,0.001550912857055664,0.0006861686706542969,0.00026106834411621094
3,3,0.75,3,1,0.0011479854583740234,1,0.0013532638549804688,0.0006501674652099609,0.0002639293670654297
3,3,0.75,4,0,0.001055002212524414,1,0.0013298988342285156,0.0007009506225585938,0.0002579689025878906
3,3,0.75,5,0,0.001110076904296875,1,0.0014460086822509766,0.0006620883941650391,0.0003719329833984375
3,3,0.75,6,0,0.00115203857421875,1,0.0014200210571289062,0.0007290840148925781,0.0002760887145996094
3,3,0.75,7,1,0.0011439323425292969,1,0.0014319419860839844,0.0007588863372802734,0.00028324127197265625
3,3,0.75,8,1,0.0011868476867675781,1,0.0014579296112060547,0.0007081031799316406,0.00028395652770996094
3,3,0.75,9,0,0.0011768341064453125,1,0.0015139579772949219,0.0008189678192138672,0.00030112266540527344
3,3,0.75,10,0,0.0012798309326171875,1,0.0017826557159423828,0.0008859634399414062,0.0003311634063720703
3,3,0.75,11,1,0.001277923583984375,1,0.0015180110931396484,0.0008070468902587891,0.0002880096435546875
3,3,0.75,12,0,0.0012328624725341797,1,0.0015358924865722656,0.0008099079132080078,0.0002868175506591797
3,3,0.75,13,0,0.0012853145599365234,1,0.0014567375183105469,0.0007009506225585938,0.00026702880859375
3,3,0.75,14,0,0.0011289119720458984,0,0.0013501644134521484,0.0005970001220703125,0.00021791458129882812
3,3,0.75,15,0,0.0011641979217529297,1,0.0014820098876953125,0.0007979869842529297,0.0005109310150146484
3,3,0.75,16,0,0.0016307830810546875,1,0.002000093460083008,0.0008273124694824219,0.0003330707550048828
3,3,0.75,17,0,0.001354217529296875,1,0.0016632080078125,0.0007908344268798828,0.00032019615173339844
3,3,0.75,18,0,0.0013427734375,0,0.0016720294952392578,0.0007040500640869141,0.0002429485321044922
3,3,0.75,19,0,0.0018763542175292969,1,0.002031087875366211,0.0010082721710205078,0.00034499168395996094
3,3,0.75,20,0,0.0013408660888671875,1,0.001712799072265625,0.0009191036224365234,0.0003409385681152344
3,3,0.75,21,0,0.0014140605926513672,1,0.001844167709350586,0.0010459423065185547,0.0003299713134765625
3,3,0.75,22,0,0.0015821456909179688,1,0.002785205841064453,0.001157999038696289,0.00041604042053222656
3,3,0.75,23,1,0.0014660358428955078,1,0.0016949176788330078,0.0008337497711181641,0.0003299713134765625
3,3,0.75,24,0,0.0013229846954345703,0,0.0018491744995117188,0.001062154769897461,0.0002639293670654297
3,3,0.75,25,0,0.0014748573303222656,1,0.0018720626831054688,0.0008668899536132812,0.00032019615173339844
3,3,0.75,26,0,0.0013730525970458984,1,0.0016832351684570312,0.0008387565612792969,0.0003349781036376953
3,3,0.75,27,1,0.001360177993774414,1,0.001828908920288086,0.001135110855102539,0.0003216266632080078
3,3,0.75,28,0,0.001390218734741211,1,0.00287628173828125,0.0008440017700195312,0.00032782554626464844
3,3,0.75,29,0,0.001683950424194336,1,0.0018601417541503906,0.0009632110595703125,0.0003361701965332031
3,3,0.75,30,1,0.0017709732055664062,1,0.0019729137420654297,0.0009567737579345703,0.00033092498779296875
3,3,0.75,31,0,0.0014472007751464844,1,0.002140045166015625,0.0009920597076416016,0.00034427642822265625
3,3,0.75,32,0,0.0015978813171386719,1,0.0017852783203125,0.0008449554443359375,0.0006639957427978516
3,3,0.75,33,0,0.0017459392547607422,1,0.0020258426666259766,0.0012280941009521484,0.00034689903259277344
3,3,0.75,34,0,0.0016021728515625,0,0.0017209053039550781,0.0007920265197753906,0.0002586841583251953
3,3,0.75,35,1,0.0016179084777832031,1,0.0018601417541503906,0.0010530948638916016,0.0004220008850097656
3,3,0.75,36,1,0.0018970966339111328,1,0.0025589466094970703,0.0014891624450683594,0.0004630088806152344
3,3,0.75,37,0,0.0016968250274658203,1,0.002135753631591797,0.0009622573852539062,0.0003390312194824219
3,3,0.75,38,0,0.0017139911651611328,1,0.0021576881408691406,0.0012629032135009766,0.0003731250762939453
3,3,0.75,39,0,0.001680135726928711,0,0.002034902572631836,0.0008037090301513672,0.00027108192443847656
3,3,0.75,40,0,0.0015490055084228516,1,0.0019466876983642578,0.0010521411895751953,0.0003800392150878906
3,3,0.75,41,0,0.0018570423126220703,1,0.0018279552459716797,0.0010149478912353516,0.00039005279541015625
3,3,0.75,42,0,0.0014591217041015625,1,0.0017659664154052734,0.0008671283721923828,0.0003437995910644531
3,3,0.75,43,0,0.0013461112976074219,1,0.0017468929290771484,0.0009081363677978516,0.00031375885009765625
3,3,0.75,44,0,0.001294851303100586,0,0.0015990734100341797,0.0007970333099365234,0.0002548694610595703
3,3,0.75,45,0,0.0012819766998291016,1,0.0015490055084228516,0.0009670257568359375,0.00033402442932128906
3,3,0.75,46,0,0.0012531280517578125,0,0.0014560222625732422,0.0007271766662597656,0.000225067138671875
3,3,0.75,47,1,0.0012233257293701172,1,0.0015239715576171875,0.0009181499481201172,0.00031495094299316406
3,3,0.75,48,0,0.0013239383697509766,1,0.001641988754272461,0.0007658004760742188,0.0002980232238769531
3,3,0.75,49,0,0.001216888427734375,1,0.001489877700805664,0.0008661746978759766,0.00034689903259277344
3,3,1.0,0,0,0.0015192031860351562,1,0.0019609928131103516,0.0008358955383300781,0.0003209114074707031
3,3,1.0,1,1,0.0016791820526123047,1,0.0018870830535888672,0.0008168220520019531,0.00031828880310058594
3,3,1.0,2,0,0.0013108253479003906,1,0.0015599727630615234,0.0008170604705810547,0.0002989768981933594
3,3,1.0,3,0,0.0012102127075195312,1,0.0015020370483398438,0.0007309913635253906,0.00029206275939941406
3,3,1.0,4,0,0.0012502670288085938,1,0.0017790794372558594,0.0007631778717041016,0.0003108978271484375
3,3,1.0,5,0,0.0012438297271728516,1,0.001611948013305664,0.0007863044738769531,0.0003027915954589844
3,3,1.0,6,0,0.0012640953063964844,1,0.0015749931335449219,0.0007851123809814453,0.0003139972686767578
3,3,1.0,7,1,0.0013611316680908203,1,0.0018057823181152344,0.0008800029754638672,0.00032591819763183594
3,3,1.0,8,0,0.0013623237609863281,1,0.0015790462493896484,0.0008292198181152344,0.0002880096435546875
3,3,1.0,9,0,0.0011882781982421875,1,0.0014770030975341797,0.0006878376007080078,0.00028014183044433594
3,3,1.0,10,1,0.0012400150299072266,1,0.00150299072265625,0.0007510185241699219,0.00029587745666503906
3,3,1.0,11,0,0.0011830329895019531,0,0.0015370845794677734,0.0006902217864990234,0.0002338886260986328
3,3,1.0,12,0,0.0012507438659667969,1,0.0015079975128173828,0.0007309913635253906,0.0002980232238769531
3,3,1.0,13,0,0.0012009143829345703,1,0.0016052722930908203,0.0007517337799072266,0.0002961158752441406
3,3,1.0,14,0,0.0012209415435791016,1,0.001600027084350586,0.0007441043853759766,0.00029397010803222656
3,3,1.0,15,0,0.0013191699981689453,1,0.0016090869903564453,0.0007607936859130859,0.0002970695495605469
3,3,1.0,16,0,0.0012049674987792969,1,0.0015208721160888672,0.0007259845733642578,0.0002949237823486328
3,3,1.0,17,0,0.0013527870178222656,1,0.0015721321105957031,0.0007960796356201172,0.00028228759765625
3,3,1.0,18,0,0.0011801719665527344,1,0.001500844955444336,0.0008318424224853516,0.0003800392150878906
3,3,1.0,19,0,0.0012941360473632812,1,0.0015590190887451172,0.0007791519165039062,0.0002739429473876953
3,3,1.0,20,0,0.0011670589447021484,1,0.0014667510986328125,0.0007011890411376953,0.0002758502960205078
3,3,1.0,21,0,0.0012631416320800781,1,0.0016698837280273438,0.0009090900421142578,0.00048279762268066406
3,3,1.0,22,1,0.0015799999237060547,1,0.0016481876373291016,0.0007622241973876953,0.0002982616424560547
3,3,1.0,23,0,0.0012090206146240234,1,0.0015408992767333984,0.00074005126953125,0.0002930164337158203
3,3,1.0,24,0,0.001252889633178711,1,0.0016570091247558594,0.0007529258728027344,0.0003120899200439453
3,3,1.0,25,0,0.001338958740234375,1,0.0020198822021484375,0.0009119510650634766,0.0003101825714111328
3,3,1.0,26,0,0.0013346672058105469,1,0.0016300678253173828,0.0007760524749755859,0.0003159046173095703
3,3,1.0,27,0,0.001306772232055664,1,0.0017042160034179688,0.0008919239044189453,0.00033092498779296875
3,3,1.0,28,1,0.0014128684997558594,1,0.0020401477813720703,0.0009307861328125,0.0003502368927001953
3,3,1.0,29,0,0.0014216899871826172,1,0.0017371177673339844,0.0009071826934814453,0.00034308433532714844
3,3,1.0,30,0,0.0013947486877441406,0,0.0017049312591552734,0.0007548332214355469,0.0002682209014892578
3,3,1.0,31,0,0.0013668537139892578,1,0.0017828941345214844,0.0009288787841796875,0.0005030632019042969
3,3,1.0,32,1,0.001463174819946289,1,0.001577138900756836,0.0007810592651367188,0.00028705596923828125
3,3,1.0,33,0,0.0011599063873291016,1,0.0014526844024658203,0.0007429122924804688,0.0002727508544921875
3,3,1.0,34,0,0.00113677978515625,1,0.0014278888702392578,0.0006999969482421875,0.0002911090850830078
3,3,1.0,35,0,0.0012807846069335938,1,0.0015807151794433594,0.0007131099700927734,0.0002791881561279297
3,3,1.0,36,1,0.0012049674987792969,1,0.0015819072723388672,0.0008392333984375,0.00031304359436035156
3,3,1.0,37,0,0.0012562274932861328,1,0.001710653305053711,0.0007872581481933594,0.0003180503845214844
3,3,1.0,38,0,0.0013201236724853516,1,0.0017960071563720703,0.0008752346038818359,0.0003299713134765625
3,3,1.0,39,1,0.001405954360961914,1,0.001506805419921875,0.0006809234619140625,0.00027871131896972656
3,3,1.0,40,0,0.001110076904296875,0,0.0013718605041503906,0.0005953311920166016,0.00021195411682128906
3,3,1.0,41,0,0.0012149810791015625,1,0.0015819072723388672,0.0007810592651367188,0.0003020763397216797
3,3,1.0,42,1,0.0013802051544189453,1,0.0017821788787841797,0.0008029937744140625,0.00028395652770996094
3,3,1.0,43,0,0.0012180805206298828,1,0.0016279220581054688,0.0009200572967529297,0.0002968311309814453
3,3,1.0,44,0,0.0012612342834472656,1,0.001589059829711914,0.0007450580596923828,0.0003218650817871094
3,3,1.0,45,0,0.0012290477752685547,1,0.0016672611236572266,0.0008299350738525391,0.0003161430358886719
3,3,1.0,46,0,0.0012478828430175781,1,0.0014948844909667969,0.0007607936859130859,0.00029587745666503906
3,3,1.0,47,0,0.0012941360473632812,1,0.0016529560089111328,0.0007748603820800781,0.0003139972686767578
3,3,1.0,48,0,0.0013248920440673828,1,0.0017032623291015625,0.0008227825164794922,0.0004050731658935547
3,3,1.0,49,0,0.0014159679412841797,1,0.0015919208526611328,0.0007750988006591797,0.0003058910369873047
4,4,0.5,0,0,0.0022699832916259766,0,0.0022699832916259766,0.002748250961303711,0.003145933151245117
4,4,0.5,1,0,0.002216815948486328,1,0.0022721290588378906,0.0030820369720458984,0.003144979476928711
4,4,0.5,2,0,0.0026581287384033203,0,0.0026366710662841797,0.002337217330932617,0.0027561187744140625
4,4,0.5,3,0,0.0022110939025878906,1,0.002032041549682617,0.0021479129791259766,0.002763032913208008
4,4,0.5,4,0,0.0023469924926757812,0,0.002076864242553711,0.0025658607482910156,0.002846956253051758
4,4,0.5,5,0,0.002390623092651367,0,0.002173185348510742,0.002398967742919922,0.0028188228607177734
4,4,0.5,6,0,0.002416849136352539,0,0.0021851062774658203,0.0016279220581054688,0.001795053482055664
4,4,0.5,7,0,0.0025780200958251953,0,0.0020737648010253906,0.0021381378173828125,0.0025610923767089844
4,4,0.5,8,0,0.002273082733154297,0,0.002008676528930664,0.002020120620727539,0.0028731822967529297
4,4,0.5,9,0,0.0022139549255371094,1,0.002123117446899414,0.0027799606323242188,0.002859830856323242
4,4,0.5,10,0,0.0021512508392333984,0,0.0020318031311035156,0.0015370845794677734,0.0017631053924560547
4,4,0.5,11,0,0.002223968505859375,1,0.002087831497192383,0.0023899078369140625,0.0029680728912353516
4,4,0.5,12,0,0.002305746078491211,1,0.0022101402282714844,0.002092123031616211,0.0026509761810302734
4,4,0.5,13,0,0.0022170543670654297,1,0.0021359920501708984,0.002782106399536133,0.0026340484619140625
4,4,0.5,14,0,0.00238800048828125,0,0.0021369457244873047,0.0021071434020996094,0.0028710365295410156
4,4,0.5,15,0,0.002454042434692383,0,0.0023012161254882812,0.0026047229766845703,0.0028002262115478516
4,4,0.5,16,0,0.0024149417877197266,1,0.0021402835845947266,0.0021708011627197266,0.002974987030029297
4,4,0.5,17,0,0.0024771690368652344,0,0.0021703243255615234,0.0026061534881591797,0.0028197765350341797
4,4,0.5,18,0,0.0023751258850097656,0,0.002576112747192383,0.001631021499633789,0.0019259452819824219
4,4,0.5,19,0,0.0023870468139648438,0,0.0021979808807373047,0.0016181468963623047,0.0018341541290283203
4,4,0.5,20,0,0.0023097991943359375,1,0.002340078353881836,0.003020048141479492,0.002876758575439453
4,4,0.5,21,0,0.0025119781494140625,1,0.0025207996368408203,0.002355813980102539,0.0029349327087402344
4,4,0.5,22,0,0.002512216567993164,0,0.0022020339965820312,0.002196073532104492,0.0029001235961914062
4,4,0.5,23,0,0.0026559829711914062,1,0.0021479129791259766,0.0025060176849365234,0.0030481815338134766
4,4,0.5,24,1,0.002268075942993164,1,0.002054929733276367,0.0020830631256103516,0.0026819705963134766
4,4,0.5,25,0,0.0024988651275634766,0,0.0022308826446533203,0.0022771358489990234,0.0031540393829345703
4,4,0.5,26,0,0.002791881561279297,1,0.0023708343505859375,0.002794027328491211,0.002665996551513672
4,4,0.5,27,0,0.0023031234741210938,0,0.002090930938720703,0.002454042434692383,0.0028629302978515625
4,4,0.5,28,0,0.0024292469024658203,0,0.0021209716796875,0.0017108917236328125,0.002001047134399414
4,4,0.5,29,0,0.002293109893798828,1,0.002321004867553711,0.0027740001678466797,0.0029566287994384766
4,4,0.5,30,0,0.0024809837341308594,0,0.0026092529296875,0.0030851364135742188,0.0028607845306396484
4,4,0.5,31,0,0.0023169517517089844,1,0.002223968505859375,0.002918243408203125,0.0035042762756347656
4,4,0.5,32,0,0.002187013626098633,1,0.002156972885131836,0.0030090808868408203,0.002650022506713867
4,4,0.5,33,0,0.0021219253540039062,1,0.0020689964294433594,0.0027189254760742188,0.0028510093688964844
4,4,0.5,34,0,0.0024137496948242188,0,0.0021560192108154297,0.002062082290649414,0.0028290748596191406
4,4,0.5,35,0,0.0024690628051757812,0,0.0021979808807373047,0.002051115036010742,0.0028264522552490234
4,4,0.5,36,0,0.002270936965942383,1,0.0022568702697753906,0.0029740333557128906,0.002908945083618164
4,4,0.5,37,0,0.0023679733276367188,1,0.002192974090576172,0.002315044403076172,0.002897977828979492
4,4,0.5,38,0,0.002443075180053711,0,0.0023119449615478516,0.0016870498657226562,0.0018811225891113281
4,4,0.5,39,0,0.0024518966674804688,0,0.0021610260009765625,0.002511739730834961,0.003099203109741211
4,4,0.5,40,0,0.0022058486938476562,1,0.0018239021301269531,0.002591848373413086,0.002858877182006836
4,4,0.5,41,0,0.0022640228271484375,0,0.0022330284118652344,0.001898050308227539,0.0024700164794921875
4,4,0.5,42,0,0.002218008041381836,0,0.0020401477813720703,0.0022988319396972656,0.0027573108673095703
4,4,0.5,43,0,0.002511739730834961,1,0.002123117446899414,0.0027370452880859375,0.002573251724243164
4,4,0.5,44,0,0.002268075942993164,1,0.002096891403198242,0.0022430419921875,0.002741098403930664
4,4,0.5,45,0,0.002382993698120117,0,0.0021822452545166016,0.0026540756225585938,0.002846956253051758
4,4,0.5,46,0,0.002580881118774414,0,0.0021958351135253906,0.0018482208251953125,0.0029058456420898438
4,4,0.5,47,0,0.0024368762969970703,0,0.002187967300415039,0.0021440982818603516,0.0029418468475341797
4,4,0.5,48,0,0.0024089813232421875,1,0.0022292137145996094,0.0023720264434814453,0.002969980239868164
4,4,0.5,49,0,0.0024292469024658203,0,0.002276182174682617,0.002457141876220703,0.002914905548095703
4,4,0.75,0,0,0.002537965774536133,0,0.0024530887603759766,0.002233266830444336,0.0029828548431396484
4,4,0.75,1,0,0.002434968948364258,1,0.0022039413452148438,0.002380847930908203,0.0029528141021728516
4,4,0.75,2,0,0.002534151077270508,1,0.002259969711303711,0.0019121170043945312,0.0029387474060058594
4,4,0.75,3,0,0.0025107860565185547,1,0.0022220611572265625,0.002379179000854492,0.002907991409301758
4,4,0.75,4,0,0.0025069713592529297,0,0.0022461414337158203,0.0019137859344482422,0.003215312957763672
4,4,0.75,5,0,0.002599000930786133,1,0.0023343563079833984,0.002664804458618164,0.0029158592224121094
4,4,0.75,6,0,0.0024611949920654297,1,0.002257823944091797,0.002270936965942383,0.002988100051879883
4,4,0.75,7,0,0.002583026885986328,0,0.002189159393310547,0.0021419525146484375,0.0029189586639404297
4,4,0.75,8,0,0.002536773681640625,1,0.002314329147338867,0.0029478073120117188,0.002946138381958008
4,4,0.75,9,0,0.002640962600708008,0,0.0024771690368652344,0.0022389888763427734,0.0029129981994628906
4,4,0.75,10,0,0.002338886260986328,1,0.002226114273071289,0.003320932388305664,0.0030100345611572266
4,4,0.75,11,0,0.0025701522827148438,0,0.002250194549560547,0.0026581287384033203,0.0030219554901123047
4,4,0.75,12,0,0.0023050308227539062,1,0.002318143844604492,0.002377033233642578,0.002919912338256836
4,4,0.75,13,1,0.002429962158203125,1,0.0022559165954589844,0.0023360252380371094,0.0029680728912353516
4,4,0.75,14,0,0.0023860931396484375,1,0.0022361278533935547,0.002274751663208008,0.0029349327087402344
4,4,0.75,15,1,0.0023932456970214844,1,0.0023708343505859375,0.00232696533203125,0.002946138381958008
4,4,0.75,16,0,0.002493143081665039,0,0.002244234085083008,0.002747774124145508,0.0029680728912353516
4,4,0.75,17,0,0.002418994903564453,1,0.0023069381713867188,0.0028052330017089844,0.0029571056365966797
4,4,0.75,18,1,0.0023810863494873047,1,0.002405881881713867,0.002846956253051758,0.003004789352416992
4,4,0.75,19,0,0.0024671554565429688,1,0.002348661422729492,0.002828836441040039,0.003113985061645508
4,4,0.75,20,0,0.0023789405822753906,1,0.002196073532104492,0.002437114715576172,0.002908945083618164
4,4,0.75,21,0,0.0024802684783935547,1,0.0023648738861083984,0.002212047576904297,0.0029230117797851562
4,4,0.75,22,0,0.0023560523986816406,1,0.002190828323364258,0.0035009384155273438,0.002994060516357422
4,4,0.75,23,0,0.0024590492248535156,1,0.0022592544555664062,0.002156972885131836,0.002729177474975586
4,4,0.75,24,0,0.0025811195373535156,0,0.0019981861114501953,0.0016717910766601562,0.0024728775024414062
4,4,0.75,25,0,0.0021529197692871094,1,0.0020051002502441406,0.0020949840545654297,0.0027971267700195312
4,4,0.75,26,0,0.002270936965942383,1,0.0020558834075927734,0.0020432472229003906,0.0027637481689453125
4,4,0.75,27,0,0.002261638641357422,1,0.0021049976348876953,0.0032720565795898438,0.002637147903442383
4,4,0.75,28,0,0.0024530887603759766,1,0.0023360252380371094,0.003039836883544922,0.0029850006103515625
4,4,0.75,29,0,0.0024051666259765625,0,0.002077817916870117,0.0024008750915527344,0.0024809837341308594
4,4,0.75,30,1,0.002187013626098633,1,0.0020852088928222656,0.003000974655151367,0.0024840831756591797
4,4,0.75,31,0,0.002251148223876953,0,0.0020308494567871094,0.0015511512756347656,0.00185394287109375
4,4,0.75,32,0,0.002191781997680664,1,0.0022509098052978516,0.0028200149536132812,0.0028460025787353516
4,4,0.75,33,0,0.002218008041381836,1,0.002167940139770508,0.0028579235076904297,0.0029108524322509766
4,4,0.75,34,0,0.002376079559326172,0,0.002071857452392578,0.0024368762969970703,0.0028579235076904297
4,4,0.75,35,0,0.00244903564453125,0,0.0022470951080322266,0.0025620460510253906,0.0028607845306396484
4,4,0.75,36,0,0.0022530555725097656,1,0.00222015380859375,0.0029256343841552734,0.0029430389404296875
4,4,0.75,37,0,0.0022683143615722656,1,0.0022001266479492188,0.0034291744232177734,0.002853870391845703
4,4,0.75,38,0,0.002527952194213867,0,0.0021829605102539062,0.0019121170043945312,0.002422809600830078
4,4,0.75,39,0,0.0019860267639160156,1,0.002125978469848633,0.002493143081665039,0.0028307437896728516
4,4,0.75,40,0,0.0022079944610595703,1,0.002065896987915039,0.0025148391723632812,0.0028238296508789062
4,4,0.75,41,0,0.0023927688598632812,0,0.0022461414337158203,0.0016758441925048828,0.001909017562866211
4,4,0.75,42,0,0.0023140907287597656,1,0.0021429061889648438,0.0028510093688964844,0.0028810501098632812
4,4,0.75,43,0,0.0024368762969970703,1,0.002156972885131836,0.002627849578857422,0.002910137176513672
4,4,0.75,44,0,0.0024690628051757812,0,0.0021851062774658203,0.002115011215209961,0.0028808116912841797
4,4,0.75,45,0,0.002370119094848633,1,0.0022590160369873047,0.0026569366455078125,0.0030291080474853516
4,4,0.75,46,0,0.0024247169494628906,0,0.0021820068359375,0.0021817684173583984,0.002939939498901367
4,4,0.75,47,0,0.002557992935180664,0,0.0022263526916503906,0.002894163131713867,0.0025022029876708984
4,4,0.75,48,0,0.0019690990447998047,1,0.001909017562866211,0.0026569366455078125,0.0028238296508789062
4,4,0.75,49,0,0.0024971961975097656,1,0.002189159393310547,0.0019609928131103516,0.0024671554565429688
4,4,1.0,0,1,0.0022678375244140625,1,0.0022439956665039062,0.0028197765350341797,0.0029001235961914062
4,4,1.0,1,0,0.0022211074829101562,1,0.0022258758544921875,0.0029859542846679688,0.0025877952575683594
4,4,1.0,2,0,0.0022301673889160156,0,0.002010822296142578,0.0018928050994873047,0.0024530887603759766
4,4,1.0,3,0,0.0021882057189941406,0,0.002031087875366211,0.001961946487426758,0.0028939247131347656
4,4,1.0,4,0,0.0021698474884033203,0,0.0021140575408935547,0.0019221305847167969,0.0027170181274414062
4,4,1.0,5,0,0.002103090286254883,1,0.0020668506622314453,0.0025110244750976562,0.002485990524291992
4,4,1.0,6,0,0.0021829605102539062,0,0.002050161361694336,0.0015759468078613281,0.0018351078033447266
4,4,1.0,7,0,0.0023250579833984375,1,0.002133607864379883,0.0022301673889160156,0.002874135971069336
4,4,1.0,8,0,0.002424001693725586,1,0.0022530555725097656,0.002264738082885742,0.0030241012573242188
4,4,1.0,9,0,0.002007007598876953,1,0.0018949508666992188,0.00232696533203125,0.002532958984375
4,4,1.0,10,0,0.0021979808807373047,0,0.0021169185638427734,0.001958131790161133,0.002733945846557617
4,4,1.0,11,1,0.0020661354064941406,1,0.0018639564514160156,0.0023012161254882812,0.0026099681854248047
4,4,1.0,12,0,0.002566099166870117,0,0.0021278858184814453,0.0021810531616210938,0.0023970603942871094
4,4,1.0,13,0,0.0019850730895996094,1,0.0019767284393310547,0.002170085906982422,0.0027730464935302734
4,4,1.0,14,0,0.0022368431091308594,1,0.0021469593048095703,0.0027909278869628906,0.0029151439666748047
4,4,1.0,15,0,0.0024938583374023438,0,0.0022428035736083984,0.002504110336303711,0.0029137134552001953
4,4,1.0,16,1,0.0025081634521484375,1,0.002154111862182617,0.0024237632751464844,0.0026841163635253906
4,4,1.0,17,1,0.0020110607147216797,1,0.0018768310546875,0.002329111099243164,0.0027337074279785156
4,4,1.0,18,0,0.0021371841430664062,1,0.0024089813232421875,0.003045797348022461,0.0024099349975585938
4,4,1.0,19,0,0.0020318031311035156,1,0.0019593238830566406,0.002061128616333008,0.002809762954711914
4,4,1.0,20,0,0.002154111862182617,1,0.001924276351928711,0.0018758773803710938,0.0028619766235351562
4,4,1.0,21,0,0.0023429393768310547,1,0.0025968551635742188,0.0036242008209228516,0.002717256546020508
4,4,1.0,22,0,0.0021152496337890625,1,0.002010822296142578,0.002721071243286133,0.0028510093688964844
4,4,1.0,23,0,0.002349853515625,1,0.0019741058349609375,0.0021741390228271484,0.0027170181274414062
4,4,1.0,24,1,0.002412080764770508,1,0.0020987987518310547,0.002437114715576172,0.002598285675048828
4,4,1.0,25,0,0.00214385986328125,1,0.0019960403442382812,0.003287076950073242,0.0028252601623535156
4,4,1.0,26,0,0.00238800048828125,0,0.0021088123321533203,0.0025789737701416016,0.0028727054595947266
4,4,1.0,27,0,0.0022459030151367188,1,0.0021293163299560547,0.002889871597290039,0.002886056900024414
4,4,1.0,28,0,0.0025327205657958984,0,0.0021812915802001953,0.0025360584259033203,0.0029239654541015625
4,4,1.0,29,0,0.002335786819458008,1,0.0022292137145996094,0.002754688262939453,0.0029191970825195312
4,4,1.0,30,1,0.0024080276489257812,1,0.0026607513427734375,0.0026378631591796875,0.002526998519897461
4,4,1.0,31,0,0.0023360252380371094,0,0.002026081085205078,0.0018410682678222656,0.0027997493743896484
4,4,1.0,32,0,0.002669811248779297,1,0.0022101402282714844,0.0025780200958251953,0.0027267932891845703
4,4,1.0,33,0,0.002480030059814453,1,0.002287149429321289,0.002933025360107422,0.0026781558990478516
4,4,1.0,34,0,0.002148151397705078,1,0.0019621849060058594,0.0020580291748046875,0.002557039260864258
4,4,1.0,35,0,0.0022978782653808594,1,0.0022211074829101562,0.0017910003662109375,0.0027692317962646484
4,4,1.0,36,0,0.0022001266479492188,1,0.002106904983520508,0.002805948257446289,0.0028562545776367188
4,4,1.0,37,0,0.002375364303588867,0,0.002124786376953125,0.002401113510131836,0.0028569698333740234
4,4,1.0,38,0,0.0020411014556884766,0,0.001859903335571289,0.0023260116577148438,0.0026559829711914062
4,4,1.0,39,0,0.002290010452270508,1,0.0021119117736816406,0.002134084701538086,0.002783060073852539
4,4,1.0,40,0,0.002270221710205078,1,0.002101898193359375,0.0027298927307128906,0.0028531551361083984
4,4,1.0,41,0,0.002476215362548828,0,0.002421140670776367,0.0017142295837402344,0.0019061565399169922
4,4,1.0,42,0,0.0022821426391601562,1,0.0021581649780273438,0.0026748180389404297,0.0028138160705566406
4,4,1.0,43,0,0.0021178722381591797,1,0.001977205276489258,0.0024251937866210938,0.0028259754180908203
4,4,1.0,44,0,0.002454042434692383,0,0.002443075180053711,0.0030548572540283203,0.002518177032470703
4,4,1.0,45,0,0.0020322799682617188,1,0.001965761184692383,0.0021660327911376953,0.002707958221435547
4,4,1.0,46,0,0.0021820068359375,1,0.002312898635864258,0.0027489662170410156,0.0024259090423583984
4,4,1.0,47,0,0.0020542144775390625,1,0.0019598007202148438,0.0021131038665771484,0.002785921096801758
4,4,1.0,48,0,0.0022139549255371094,1,0.002190113067626953,0.0027799606323242188,0.002846956253051758
4,4,1.0,49,0,0.00232696533203125,0,0.002147197723388672,0.003134012222290039,0.0028829574584960938
5,5,0.5,0,0,0.0033979415893554688,1,0.004502058029174805,0.032038211822509766,0.045281171798706055
5,5,0.5,1,0,0.0033740997314453125,1,0.003177165985107422,0.025966167449951172,0.04747414588928223
5,5,0.5,2,0,0.0032701492309570312,1,0.003648042678833008,0.030926227569580078,0.044692039489746094
5,5,0.5,3,0,0.0031490325927734375,1,0.0030362606048583984,0.06255006790161133,0.0453791618347168
5,5,0.5,4,0,0.0036110877990722656,1,0.0039730072021484375,0.025622129440307617,0.04935002326965332
5,5,0.5,5,0,0.0038809776306152344,1,0.003874063491821289,0.023848772048950195,0.046701908111572266
5,5,0.5,6,0,0.002949953079223633,1,0.0029680728912353516,0.025518178939819336,0.042607784271240234
5,5,0.5,7,0,0.0032029151916503906,1,0.0029747486114501953,0.020053863525390625,0.04153585433959961
5,5,0.5,8,0,0.003072977066040039,1,0.002850055694580078,0.027876853942871094,0.040563106536865234
5,5,0.5,9,0,0.003158092498779297,0,0.002969026565551758,0.016267061233520508,0.04085564613342285
5,5,0.5,10,0,0.0031909942626953125,0,0.003515958786010742,0.014259099960327148,0.025890111923217773
5,5,0.5,11,0,0.0029392242431640625,0,0.0028820037841796875,0.022737741470336914,0.040946006774902344
5,5,0.5,12,0,0.0036461353302001953,0,0.003629922866821289,0.02591729164123535,0.04806709289550781
5,5,0.5,13,0,0.0036721229553222656,1,0.0031058788299560547,0.062103986740112305,0.05067586898803711
5,5,0.5,14,0,0.00350189208984375,1,0.0035719871520996094,0.032865047454833984,0.04155111312866211
5,5,0.5,15,0,0.003203153610229492,1,0.002669095993041992,0.018044233322143555,0.0406646728515625
5,5,0.5,16,0,0.0030405521392822266,1,0.002875089645385742,0.026382923126220703,0.04111790657043457
5,5,0.5,17,0,0.0036492347717285156,1,0.003292083740234375,0.015900850296020508,0.04065990447998047
5,5,0.5,18,0,0.003206968307495117,1,0.003036975860595703,0.028537988662719727,0.04084897041320801
5,5,0.5,19,0,0.003072977066040039,1,0.002939939498901367,0.023410797119140625,0.04589581489562988
5,5,0.5,20,0,0.004444122314453125,1,0.003910064697265625,0.037265777587890625,0.05978202819824219
5,5,0.5,21,0,0.0036928653717041016,0,0.003531932830810547,0.022699832916259766,0.040838003158569336
5,5,0.5,22,0,0.0031130313873291016,0,0.0033271312713623047,0.01688694953918457,0.040657997131347656
5,5,0.5,23,0,0.0029082298278808594,1,0.0031020641326904297,0.028048992156982422,0.04027891159057617
5,5,0.5,24,0,0.0030541419982910156,0,0.0028128623962402344,0.02338695526123047,0.040653228759765625
5,5,0.5,25,0,0.0031731128692626953,0,0.002939939498901367,0.016870975494384766,0.04053187370300293
5,5,0.5,26,0,0.003108978271484375,0,0.003504037857055664,0.013597965240478516,0.025044918060302734
5,5,0.5,27,0,0.002964019775390625,1,0.0025904178619384766,0.023594141006469727,0.040863037109375
5,5,0.5,28,0,0.003119230270385742,0,0.0033249855041503906,0.019388198852539062,0.041025638580322266
5,5,0.5,29,0,0.0030531883239746094,1,0.0028297901153564453,0.02733302116394043,0.040802955627441406
5,5,0.5,30,0,0.0032989978790283203,1,0.003187894821166992,0.026983976364135742,0.04442191123962402
5,5,0.5,31,0,0.0030901432037353516,1,0.0030617713928222656,0.022786855697631836,0.04021096229553223
5,5,0.5,32,0,0.003039121627807617,1,0.0027289390563964844,0.02361011505126953,0.041144609451293945
5,5,0.5,33,0,0.003077983856201172,1,0.0029442310333251953,0.020039796829223633,0.04085803031921387
5,5,0.5,34,0,0.0030257701873779297,1,0.0029799938201904297,0.025750160217285156,0.04302525520324707
5,5,0.5,35,0,0.00315093994140625,0,0.0036809444427490234,0.023501157760620117,0.04082632064819336
5,5,0.5,36,0,0.0029859542846679688,1,0.0027000904083251953,0.02449202537536621,0.04256796836853027
5,5,0.5,37,0,0.0036520957946777344,0,0.003401041030883789,0.015753984451293945,0.04102277755737305
5,5,0.5,38,0,0.003470182418823242,1,0.002707958221435547,0.019482135772705078,0.04148507118225098
5,5,0.5,39,0,0.0030031204223632812,1,0.002899169921875,0.06525516510009766,0.04569101333618164
5,5,0.5,40,0,0.002994060516357422,1,0.0029129981994628906,0.031139850616455078,0.04645109176635742
5,5,0.5,41,0,0.0034351348876953125,1,0.0033490657806396484,0.017755985260009766,0.04370427131652832
5,5,0.5,42,0,0.0034139156341552734,0,0.003298044204711914,0.018104076385498047,0.04315805435180664
5,5,0.5,43,0,0.0030908584594726562,1,0.0031461715698242188,0.023530960083007812,0.04260110855102539
5,5,0.5,44,0,0.0033872127532958984,1,0.003387928009033203,0.025590181350708008,0.04434990882873535
5,5,0.5,45,0,0.003347158432006836,1,0.0030868053436279297,0.022243738174438477,0.0444788932800293
5,5,0.5,46,0,0.0031287670135498047,1,0.002961874008178711,0.019999980926513672,0.04082298278808594
5,5,0.5,47,0,0.003153085708618164,1,0.0030901432037353516,0.018812894821166992,0.041219234466552734
5,5,0.5,48,0,0.0031070709228515625,0,0.0032150745391845703,0.020295143127441406,0.041889190673828125
5,5,0.5,49,0,0.00327301025390625,1,0.003087759017944336,0.022533893585205078,0.04391288757324219
5,5,0.75,0,0,0.0031430721282958984,1,0.003538846969604492,0.0333409309387207,0.0416567325592041
5,5,0.75,1,0,0.003013134002685547,1,0.0030269622802734375,0.025830745697021484,0.04025888442993164
5,5,0.75,2,0,0.003209352493286133,0,0.0034570693969726562,0.02642679214477539,0.04253697395324707
5,5,0.75,3,0,0.003152132034301758,1,0.0031828880310058594,0.019717931747436523,0.04153013229370117
5,5,0.75,4,0,0.003083944320678711,1,0.0032918453216552734,0.027132034301757812,0.04067707061767578
5,5,0.75,5,0,0.003047943115234375,1,0.0026731491088867188,0.02290201187133789,0.04114484786987305
5,5,0.75,6,0,0.002908945083618164,1,0.002974987030029297,0.03802895545959473,0.04016613960266113
5,5,0.75,7,0,0.0031397342681884766,1,0.002598285675048828,0.014554977416992188,0.040266990661621094
5,5,0.75,8,0,0.002973794937133789,0,0.0028967857360839844,0.06985306739807129,0.04930400848388672
5,5,0.75,9,0,0.0036628246307373047,1,0.0032460689544677734,0.022094011306762695,0.04349684715270996
5,5,0.75,10,0,0.0034630298614501953,1,0.003187894821166992,0.028898000717163086,0.042530059814453125
5,5,0.75,11,0,0.003202199935913086,1,0.003483295440673828,0.02086806297302246,0.04036307334899902
5,5,0.75,12,0,0.0032389163970947266,0,0.003171682357788086,0.01937103271484375,0.04164385795593262
5,5,0.75,13,0,0.002913951873779297,1,0.002887725830078125,0.027534008026123047,0.041029930114746094
5,5,0.75,14,0,0.0029211044311523438,1,0.0029239654541015625,0.0248258113861084,0.04190206527709961
5,5,0.75,15,0,0.0033528804779052734,1,0.0029098987579345703,0.028765201568603516,0.04078078269958496
5,5,0.75,16,0,0.0029299259185791016,1,0.003076314926147461,0.02519989013671875,0.04092907905578613
5,5,0.75,17,0,0.003047943115234375,0,0.003122091293334961,0.02486705780029297,0.04077506065368652
5,5,0.75,18,0,0.002888202667236328,1,0.0029168128967285156,0.02517986297607422,0.04188990592956543
5,5,0.75,19,0,0.003381967544555664,1,0.0030913352966308594,0.028750896453857422,0.04064774513244629
5,5,0.75,20,0,0.0031621456146240234,1,0.0029778480529785156,0.020364999771118164,0.04198622703552246
5,5,0.75,21,0,0.0029289722442626953,1,0.0029838085174560547,0.06610798835754395,0.04928112030029297
5,5,0.75,22,0,0.003662109375,1,0.0034270286560058594,0.0323786735534668,0.04157614707946777
5,5,0.75,23,0,0.003362894058227539,1,0.002717256546020508,0.02384781837463379,0.04091382026672363
5,5,0.75,24,0,0.0030410289764404297,1,0.003139972686767578,0.028310060501098633,0.040895938873291016
5,5,0.75,25,0,0.0031478404998779297,1,0.003113985061645508,0.02036309242248535,0.0405268669128418
5,5,0.75,26,0,0.0038001537322998047,1,0.0031599998474121094,0.035887956619262695,0.0410161018371582
5,5,0.75,27,0,0.003095865249633789,1,0.0030956268310546875,0.0291290283203125,0.04092717170715332
5,5,0.75,28,0,0.003058910369873047,1,0.0034568309783935547,0.02768087387084961,0.04228711128234863
5,5,0.75,29,0,0.0030069351196289062,1,0.002985239028930664,0.02740001678466797,0.04052472114562988
5,5,0.75,30,0,0.0036399364471435547,1,0.002919912338256836,0.026112079620361328,0.04089927673339844
5,5,0.75,31,0,0.002960205078125,1,0.0026171207427978516,0.032788991928100586,0.041767120361328125
5,5,0.75,32,0,0.002972841262817383,1,0.0029480457305908203,0.024901151657104492,0.040396690368652344
5,5,0.75,33,1,0.0030570030212402344,1,0.0026166439056396484,0.06610727310180664,0.049716949462890625
5,5,0.75,34,0,0.0038099288940429688,1,0.003498077392578125,0.03488302230834961,0.04537081718444824
5,5,0.75,35,0,0.003247976303100586,1,0.0031511783599853516,0.026826143264770508,0.044654130935668945
5,5,0.75,36,0,0.0035200119018554688,1,0.0030698776245117188,0.022057056427001953,0.04201102256774902
5,5,0.75,37,1,0.0029768943786621094,1,0.0029201507568359375,0.024517059326171875,0.03982686996459961
5,5,0.75,38,0,0.0029277801513671875,1,0.0030400753021240234,0.029088973999023438,0.04088091850280762
5,5,0.75,39,0,0.003011941909790039,1,0.0028471946716308594,0.022942066192626953,0.040522098541259766
5,5,0.75,40,0,0.003065824508666992,1,0.002591848373413086,0.02529001235961914,0.04050493240356445
5,5,0.75,41,0,0.0029478073120117188,1,0.0029261112213134766,0.02280879020690918,0.04146528244018555
5,5,0.75,42,0,0.003187894821166992,1,0.0032300949096679688,0.02057504653930664,0.04288315773010254
5,5,0.75,43,0,0.0030121803283691406,1,0.0034101009368896484,0.029710054397583008,0.04073214530944824
5,5,0.75,44,0,0.0030379295349121094,1,0.0026559829711914062,0.024547100067138672,0.04105114936828613
5,5,0.75,45,0,0.002988100051879883,1,0.0028378963470458984,0.028973817825317383,0.04005026817321777
5,5,0.75,46,0,0.003432035446166992,1,0.003058910369873047,0.024895906448364258,0.04049992561340332
5,5,0.75,47,0,0.002969026565551758,1,0.00261688232421875,0.027107954025268555,0.04108595848083496
5,5,0.75,48,0,0.0038208961486816406,1,0.003283977508544922,0.02634596824645996,0.04265117645263672
5,5,0.75,49,0,0.0029959678649902344,1,0.002602100372314453,0.022961139678955078,0.040641069412231445
5,5,1.0,0,0,0.0030519962310791016,1,0.0033750534057617188,0.026749134063720703,0.08364009857177734
5,5,1.0,1,0,0.004388093948364258,1,0.003942966461181641,0.02483201026916504,0.04702305793762207
5,5,1.0,2,0,0.003463268280029297,1,0.0031909942626953125,0.02390599250793457,0.04128384590148926
5,5,1.0,3,0,0.0029561519622802734,1,0.002681732177734375,0.025358200073242188,0.04105091094970703
5,5,1.0,4,0,0.003047943115234375,1,0.0031189918518066406,0.030488967895507812,0.04105520248413086
5,5,1.0,5,0,0.0032949447631835938,1,0.0029709339141845703,0.021093130111694336,0.045931100845336914
5,5,1.0,6,0,0.003242015838623047,1,0.0036211013793945312,0.02883005142211914,0.04047107696533203
5,5,1.0,7,0,0.0030977725982666016,1,0.00296783447265625,0.020550012588500977,0.042031049728393555
5,5,1.0,8,0,0.0029299259185791016,1,0.0029060840606689453,0.024101972579956055,0.039856910705566406
5,5,1.0,9,0,0.0029218196868896484,1,0.003443002700805664,0.02468085289001465,0.04111671447753906
5,5,1.0,10,0,0.0029859542846679688,1,0.002975940704345703,0.02303171157836914,0.04209089279174805
5,5,1.0,11,0,0.0030198097229003906,1,0.0029211044311523438,0.06833791732788086,0.05090212821960449
5,5,1.0,12,0,0.00357818603515625,1,0.0034897327423095703,0.026629209518432617,0.041120052337646484
5,5,1.0,13,0,0.0029931068420410156,1,0.002750873565673828,0.018831968307495117,0.040357112884521484
5,5,1.0,14,0,0.0029599666595458984,1,0.0026128292083740234,0.028622865676879883,0.03980231285095215
5,5,1.0,15,0,0.0029599666595458984,1,0.0028629302978515625,0.022351741790771484,0.04036903381347656
5,5,1.0,16,0,0.0029790401458740234,1,0.0028128623962402344,0.020969867706298828,0.040361881256103516
5,5,1.0,17,0,0.0030660629272460938,1,0.003075838088989258,0.02735114097595215,0.040215253829956055
5,5,1.0,18,0,0.0029501914978027344,1,0.0030641555786132812,0.02803802490234375,0.04103708267211914
5,5,1.0,19,0,0.003258228302001953,0,0.0032300949096679688,0.023426055908203125,0.04014015197753906
5,5,1.0,20,0,0.002933979034423828,1,0.0031778812408447266,0.024975061416625977,0.040841102600097656
5,5,1.0,21,0,0.0029990673065185547,1,0.0028793811798095703,0.032366275787353516,0.040738821029663086
5,5,1.0,22,0,0.0031490325927734375,1,0.002969980239868164,0.028408050537109375,0.04055619239807129
5,5,1.0,23,0,0.0030770301818847656,1,0.003347158432006836,0.022880077362060547,0.04404616355895996
5,5,1.0,24,0,0.003072977066040039,1,0.002937793731689453,0.02480316162109375,0.04022979736328125
5,5,1.0,25,0,0.0029850006103515625,1,0.0028791427612304688,0.03131389617919922,0.04007387161254883
5,5,1.0,26,0,0.003064870834350586,1,0.002766132354736328,0.024115800857543945,0.04074597358703613
5,5,1.0,27,0,0.0030870437622070312,1,0.0028638839721679688,0.03218889236450195,0.041383981704711914
5,5,1.0,28,0,0.0029859542846679688,1,0.0029048919677734375,0.024799108505249023,0.08701324462890625
5,5,1.0,29,0,0.00362396240234375,1,0.0034830570220947266,0.03462409973144531,0.04233694076538086
5,5,1.0,30,0,0.002986907958984375,1,0.0027992725372314453,0.027786970138549805,0.04138493537902832
5,5,1.0,31,0,0.003245830535888672,1,0.0033152103424072266,0.030076980590820312,0.03998112678527832
5,5,1.0,32,0,0.002938985824584961,1,0.0026886463165283203,0.03267097473144531,0.04131317138671875
5,5,1.0,33,0,0.0029189586639404297,1,0.00263214111328125,0.023167848587036133,0.040390968322753906
5,5,1.0,34,0,0.0029959678649902344,1,0.0033669471740722656,0.027864694595336914,0.04133009910583496
5,5,1.0,35,0,0.0029370784759521484,1,0.002920866012573242,0.022136926651000977,0.042027950286865234
5,5,1.0,36,0,0.0033898353576660156,1,0.0032448768615722656,0.03188490867614746,0.041172027587890625
5,5,1.0,37,0,0.0031480789184570312,1,0.003454923629760742,0.030536890029907227,0.04036998748779297
5,5,1.0,38,0,0.002936124801635742,1,0.002615213394165039,0.02899003028869629,0.03993415832519531
5,5,1.0,39,0,0.0029458999633789062,1,0.002647876739501953,0.07399964332580566,0.04786205291748047
5,5,1.0,40,0,0.0034449100494384766,1,0.003343820571899414,0.033431053161621094,0.04266023635864258
5,5,1.0,41,0,0.003072023391723633,1,0.0032079219818115234,0.0339200496673584,0.04355812072753906
5,5,1.0,42,0,0.003002643585205078,1,0.002836942672729492,0.024118661880493164,0.040548086166381836
5,5,1.0,43,0,0.0033020973205566406,0,0.003219127655029297,0.019469738006591797,0.04171895980834961
5,5,1.0,44,0,0.003144979476928711,1,0.002686023712158203,0.029407978057861328,0.0401759147644043
5,5,1.0,45,0,0.0029931068420410156,1,0.0029020309448242188,0.026738882064819336,0.04032588005065918
5,5,1.0,46,0,0.0031197071075439453,1,0.0027849674224853516,0.028300046920776367,0.04056811332702637
5,5,1.0,47,0,0.002946138381958008,1,0.0028977394104003906,0.031174898147583008,0.0407869815826416
5,5,1.0,48,0,0.003119945526123047,1,0.0030388832092285156,0.021213769912719727,0.042842864990234375
5,5,1.0,49,0,0.0030181407928466797,1,0.0029070377349853516,0.026533842086791992,0.04063105583190918
6,6,0.5,0,0,0.007879018783569336,0,0.004046201705932617,0.39266109466552734,0.9657878875732422
6,6,0.5,1,0,0.01143193244934082,0,0.005813121795654297,0.29218602180480957,0.9015381336212158
6,6,0.5,2,0,0.011844873428344727,1,0.00529170036315918,0.39342474937438965,0.8969268798828125
6,6,0.5,3,0,0.009061098098754883,1,0.004898786544799805,0.4193589687347412,0.9527587890625
6,6,0.5,4,0,0.012087106704711914,1,0.005177974700927734,0.41625213623046875,0.8968911170959473
6,6,0.5,5,0,0.009754180908203125,1,0.00506591796875,0.3471198081970215,0.9426009654998779
6,6,0.5,6,0,0.010254859924316406,1,0.004999876022338867,0.4141421318054199,1.004746913909912
6,6,0.5,7,0,0.010604143142700195,0,0.005064964294433594,0.39069509506225586,1.0312697887420654
6,6,0.5,8,0,0.011874914169311523,0,0.005690813064575195,0.5545847415924072,0.904000997543335
6,6,0.5,9,0,0.011745214462280273,0,0.004901885986328125,0.37769412994384766,1.0085182189941406
6,6,0.5,10,0,0.011978864669799805,1,0.005385875701904297,0.43733716011047363,1.021090030670166
6,6,0.5,11,0,0.011712074279785156,1,0.005179882049560547,0.5019888877868652,0.9858169555664062
6,6,0.5,12,0,0.010551929473876953,0,0.00477910041809082,0.38886404037475586,0.9053246974945068
6,6,0.5,13,0,0.010345935821533203,1,0.005361795425415039,0.5519869327545166,1.0479648113250732
6,6,0.5,14,0,0.012726783752441406,0,0.0056192874908447266,0.49817395210266113,1.0568530559539795
6,6,0.5,15,0,0.013009309768676758,0,0.006032705307006836,0.41646409034729004,1.0800321102142334
6,6,0.5,16,0,0.012916088104248047,1,0.00670313835144043,0.41220903396606445,0.9201469421386719
6,6,0.5,17,0,0.011934280395507812,1,0.005476236343383789,0.4885580539703369,0.9992220401763916
6,6,0.5,18,0,0.012343168258666992,1,0.005301952362060547,0.5034818649291992,0.956524133682251
6,6,0.5,19,0,0.011754989624023438,0,0.00535893440246582,0.3293111324310303,0.9421067237854004
6,6,0.5,20,0,0.010603904724121094,0,0.004875898361206055,0.3278312683105469,0.9537899494171143
6,6,0.5,21,0,0.011836767196655273,1,0.005020856857299805,0.3427770137786865,0.9515180587768555
6,6,0.5,22,0,0.011087894439697266,0,0.005429983139038086,0.39635610580444336,0.9895639419555664
6,6,0.5,23,0,0.012140750885009766,0,0.005513906478881836,0.39870572090148926,0.949486255645752
6,6,0.5,24,0,0.011748075485229492,0,0.004957914352416992,0.31582021713256836,0.9305880069732666
6,6,0.5,25,0,0.011027097702026367,1,0.004902839660644531,0.4072132110595703,0.93802809715271
6,6,0.5,26,0,0.011568784713745117,0,0.004730224609375,0.3791239261627197,0.8812839984893799
6,6,0.5,27,0,0.011295795440673828,0,0.004903078079223633,0.31845808029174805,0.894078254699707
6,6,0.5,28,0,0.011760950088500977,0,0.004472017288208008,0.4526798725128174,0.8983309268951416
6,6,0.5,29,0,0.01188206672668457,0,0.004976987838745117,0.32229089736938477,0.8892037868499756
6,6,0.5,30,0,0.01145172119140625,0,0.005671262741088867,0.3248779773712158,0.8981449604034424
6,6,0.5,31,0,0.011651039123535156,0,0.005124807357788086,0.43842601776123047,0.905580997467041
6,6,0.5,32,0,0.01181793212890625,0,0.005321979522705078,0.4348421096801758,0.9560520648956299
6,6,0.5,33,0,0.011738777160644531,1,0.005116939544677734,0.40736818313598633,0.9204621315002441
6,6,0.5,34,0,0.011373758316040039,0,0.005055904388427734,0.35776495933532715,0.9389150142669678
6,6,0.5,35,0,0.011364936828613281,0,0.004859209060668945,0.4288341999053955,0.8929519653320312
6,6,0.5,36,0,0.010821819305419922,1,0.005017995834350586,0.39203810691833496,0.9519438743591309
6,6,0.5,37,0,0.011163949966430664,0,0.004991054534912109,0.37480998039245605,0.890496015548706
6,6,0.5,38,0,0.011179208755493164,0,0.005180835723876953,0.3874332904815674,0.9482560157775879
6,6,0.5,39,0,0.01104426383972168,0,0.005238056182861328,0.28414201736450195,0.8797788619995117
6,6,0.5,40,0,0.01112818717956543,0,0.004883289337158203,0.3698740005493164,0.8930470943450928
6,6,0.5,41,0,0.011797189712524414,0,0.005230903625488281,0.3731229305267334,0.9884898662567139
6,6,0.5,42,0,0.012130975723266602,0,0.005124092102050781,0.3787968158721924,1.034224271774292
6,6,0.5,43,0,0.012144804000854492,1,0.0058519840240478516,0.4308178424835205,0.9528260231018066
6,6,0.5,44,0,0.011681795120239258,0,0.005064964294433594,0.3796398639678955,0.9500117301940918
6,6,0.5,45,0,0.010158777236938477,1,0.0045702457427978516,0.4141809940338135,0.8820099830627441
6,6,0.5,46,0,0.011752128601074219,0,0.0053119659423828125,0.45974278450012207,0.9836721420288086
6,6,0.5,47,0,0.010860681533813477,0,0.0047779083251953125,0.44773006439208984,1.0279343128204346
6,6,0.5,48,0,0.010859012603759766,1,0.005024909973144531,0.4432530403137207,1.0205440521240234
6,6,0.5,49,0,0.010772943496704102,0,0.005278825759887695,0.3318510055541992,0.9486730098724365
6,6,0.75,0,0,0.011121034622192383,0,0.006025791168212891,0.423267126083374,0.9937248229980469
6,6,0.75,1,0,0.011981964111328125,0,0.005278825759887695,0.32189273834228516,0.9530792236328125
6,6,0.75,2,0,0.012694835662841797,1,0.004941701889038086,0.9780879020690918,2.2595441341400146
6,6,0.75,3,0,0.025717973709106445,1,0.011054754257202148,0.9632110595703125,1.2729589939117432
6,6,0.75,4,0,0.015034198760986328,1,0.0069730281829833984,0.6079487800598145,1.1623930931091309
6,6,0.75,5,0,0.011606931686401367,0,0.006040096282958984,0.5393872261047363,1.0262510776519775
6,6,0.75,6,0,0.011044979095458984,1,0.005640268325805664,0.41312313079833984,1.140768051147461
6,6,0.75,7,0,0.010609865188598633,1,0.005033969879150391,0.47223997116088867,0.919409990310669
6,6,0.75,8,0,0.01116800308227539,0,0.00489497184753418,0.435819149017334,1.0731549263000488
6,6,0.75,9,0,0.012518882751464844,1,0.005209922790527344,0.4743506908416748,0.9085707664489746
6,6,0.75,10,0,0.009813070297241211,1,0.005107879638671875,0.39339494705200195,0.9622089862823486
6,6,0.75,11,0,0.011942148208618164,1,0.0044558048248291016,0.4145982265472412,0.9087231159210205
6,6,0.75,12,0,0.012868165969848633,1,0.005574941635131836,0.5828778743743896,0.960637092590332
6,6,0.75,13,0,0.011625051498413086,1,0.0054857730865478516,0.5013229846954346,0.9893810749053955
6,6,0.75,14,0,0.011124134063720703,1,0.005219936370849609,0.45183396339416504,0.9704399108886719
6,6,0.75,15,0,0.012057065963745117,0,0.005024909973144531,0.385267972946167,1.0196809768676758
6,6,0.75,16,0,0.011131048202514648,1,0.004918098449707031,0.47104907035827637,0.962871789932251
6,6,0.75,17,0,0.011551856994628906,1,0.00560307502746582,0.4775710105895996,1.0059409141540527
6,6,0.75,18,0,0.012075185775756836,1,0.004724979400634766,0.6236412525177002,0.934053897857666
6,6,0.75,19,0,0.012067794799804688,1,0.005359172821044922,0.5899600982666016,1.365339756011963
6,6,0.75,20,0,0.011200189590454102,0,0.005749940872192383,0.4658169746398926,1.0052809715270996
6,6,0.75,21,0,0.011282920837402344,0,0.004983186721801758,0.4691739082336426,0.9718458652496338
6,6,0.75,22,0,0.012095928192138672,1,0.0052258968353271484,0.46189188957214355,0.921536922454834
6,6,0.75,23,0,0.011362075805664062,1,0.005697965621948242,0.5725042819976807,0.9163589477539062
6,6,0.75,24,0,0.011005163192749023,0,0.004914045333862305,0.47313618659973145,0.9162251949310303
6,6,0.75,25,0,0.011605024337768555,1,0.0051767826080322266,0.5164070129394531,0.9050869941711426
6,6,0.75,26,0,0.01477670669555664,1,0.005735874176025391,0.4879300594329834,0.9110879898071289
6,6,0.75,27,0,0.010560035705566406,1,0.0045359134674072266,0.4695091247558594,0.952390193939209
6,6,0.75,28,0,0.01071476936340332,1,0.005102872848510742,0.42679786682128906,0.9282119274139404
6,6,0.75,29,0,0.009810924530029297,1,0.0050067901611328125,0.44083499908447266,0.9540038108825684
6,6,0.75,30,0,0.010608911514282227,1,0.004680156707763672,0.39432287216186523,0.9043052196502686
6,6,0.75,31,0,0.011652946472167969,0,0.004869937896728516,0.4862098693847656,0.9114201068878174
6,6,0.75,32,0,0.012573957443237305,1,0.0052280426025390625,0.472484827041626,0.908123254776001
6,6,0.75,33,0,0.010583162307739258,1,0.005507946014404297,0.3241748809814453,0.9016180038452148
6,6,0.75,34,0,0.011977910995483398,1,0.0047359466552734375,0.4444112777709961,0.950803279876709
6,6,0.75,35,0,0.011162042617797852,1,0.004952192306518555,0.47089195251464844,0.9562170505523682
6,6,0.75,36,0,0.011509895324707031,1,0.005941152572631836,0.42734813690185547,0.903266191482544
6,6,0.75,37,0,0.009567975997924805,1,0.005125999450683594,0.5401787757873535,0.9601280689239502
6,6,0.75,38,0,0.010811090469360352,1,0.0054929256439208984,0.342972993850708,0.8923728466033936
6,6,0.75,39,0,0.010331869125366211,0,0.005312919616699219,0.3829460144042969,0.8985037803649902
6,6,0.75,40,0,0.01118612289428711,0,0.0054111480712890625,0.39762210845947266,0.9419019222259521
6,6,0.75,41,0,0.010721921920776367,1,0.0046291351318359375,0.4694383144378662,0.9212698936462402
6,6,0.75,42,0,0.011533975601196289,1,0.005069255828857422,0.5079917907714844,0.9172589778900146
6,6,0.75,43,0,0.010255813598632812,1,0.004948139190673828,0.35774779319763184,0.901115894317627
6,6,0.75,44,0,0.01499795913696289,1,0.005861997604370117,0.46904516220092773,0.9154880046844482
6,6,0.75,45,0,0.010272741317749023,1,0.0053861141204833984,0.31796693801879883,0.8998661041259766
6,6,0.75,46,0,0.014551877975463867,1,0.005350828170776367,0.5266811847686768,0.908839225769043
6,6,0.75,47,0,0.014605045318603516,1,0.005755186080932617,0.5442790985107422,1.0391967296600342
6,6,0.75,48,0,0.010653018951416016,1,0.0065228939056396484,0.5242469310760498,1.086456060409546
6,6,0.75,49,0,0.011686086654663086,1,0.005267143249511719,0.573103666305542,1.0265238285064697
6,6,1.0,0,1,0.006737232208251953,1,0.004857063293457031,0.4207890033721924,0.9406273365020752
6,6,1.0,1,0,0.014010906219482422,1,0.0057260990142822266,0.47308874130249023,1.0122320652008057
6,6,1.0,2,0,0.012362003326416016,1,0.005224943161010742,0.6529879570007324,1.0180790424346924
6,6,1.0,3,0,0.012282133102416992,1,0.0056912899017333984,0.4114038944244385,0.9174609184265137
6,6,1.0,4,0,0.012033939361572266,1,0.0051670074462890625,0.5750529766082764,0.9239161014556885
6,6,1.0,5,0,0.011652231216430664,1,0.004666805267333984,0.4534311294555664,0.9149761199951172
6,6,1.0,6,0,0.011110067367553711,1,0.005054950714111328,0.39440488815307617,0.91628098487854
6,6,1.0,7,0,0.015191078186035156,1,0.005702972412109375,0.4436018466949463,0.9648950099945068
6,6,1.0,8,0,0.010075807571411133,1,0.00521397590637207,0.4698021411895752,0.9533250331878662
6,6,1.0,9,0,0.01088714599609375,1,0.0051801204681396484,0.4368622303009033,0.9125630855560303
6,6,1.0,10,0,0.012344837188720703,1,0.005079746246337891,0.31766200065612793,0.9494631290435791
6,6,1.0,11,0,0.0156400203704834,1,0.005280971527099609,0.5249037742614746,0.9071080684661865
6,6,1.0,12,0,0.012832164764404297,1,0.005915164947509766,0.5867929458618164,0.9313206672668457
6,6,1.0,13,0,0.01635003089904785,1,0.005273103713989258,0.46281981468200684,0.9130368232727051
6,6,1.0,14,0,0.014914989471435547,1,0.004850864410400391,0.48264598846435547,0.9588239192962646
6,6,1.0,15,0,0.011421918869018555,0,0.004959821701049805,0.31821489334106445,0.9314970970153809
6,6,1.0,16,0,0.010744094848632812,1,0.0050201416015625,0.4630551338195801,0.9548079967498779
6,6,1.0,17,0,0.012212038040161133,1,0.005513906478881836,0.5136268138885498,0.9131550788879395
6,6,1.0,18,0,0.01601886749267578,1,0.005769014358520508,0.5190598964691162,0.9264130592346191
6,6,1.0,19,0,0.013607978820800781,1,0.005300283432006836,0.4447612762451172,0.9123272895812988
6,6,1.0,20,0,0.012732744216918945,1,0.005354881286621094,0.47263193130493164,0.9638137817382812
6,6,1.0,21,0,0.00999593734741211,1,0.00503087043762207,0.529700756072998,0.9592230319976807
6,6,1.0,22,0,0.015362024307250977,1,0.00528407096862793,0.45967888832092285,0.9658470153808594
6,6,1.0,23,0,0.013230085372924805,1,0.005118846893310547,0.3985629081726074,0.9115519523620605
6,6,1.0,24,0,0.011474847793579102,1,0.005033016204833984,0.41158294677734375,0.9591772556304932
6,6,1.0,25,0,0.011475086212158203,1,0.005151033401489258,0.46960997581481934,0.9578242301940918
6,6,1.0,26,0,0.011904001235961914,1,0.004804134368896484,0.47468996047973633,0.9852161407470703
6,6,1.0,27,0,0.009980201721191406,1,0.0051000118255615234,0.513092041015625,1.0449912548065186
6,6,1.0,28,0,0.015515804290771484,1,0.0054972171783447266,0.5428810119628906,0.9757242202758789
6,6,1.0,29,0,0.014234781265258789,1,0.005216836929321289,0.5433709621429443,1.1772890090942383
6,6,1.0,30,0,0.018455028533935547,1,0.008355855941772461,0.5472691059112549,0.9245619773864746
6,6,1.0,31,0,0.010925054550170898,1,0.0052831172943115234,0.38857412338256836,0.9827759265899658
6,6,1.0,32,0,0.017751693725585938,1,0.005877971649169922,0.488720178604126,0.9582960605621338
6,6,1.0,33,0,0.012688875198364258,1,0.005652189254760742,0.5039598941802979,1.0916111469268799
6,6,1.0,34,0,0.012934207916259766,0,0.005455732345581055,0.4435160160064697,1.2673540115356445
6,6,1.0,35,0,0.016085147857666016,1,0.005465984344482422,0.6515991687774658,0.9454259872436523
6,6,1.0,36,0,0.010024309158325195,1,0.004759073257446289,0.48396801948547363,0.9222571849822998
6,6,1.0,37,0,0.010576725006103516,0,0.005057096481323242,0.39335179328918457,0.9943709373474121
6,6,1.0,38,0,0.01143789291381836,1,0.00491023063659668,0.4011571407318115,0.9288320541381836
6,6,1.0,39,0,0.012276887893676758,1,0.005037069320678711,0.5203309059143066,0.9099709987640381
6,6,1.0,40,0,0.015359878540039062,1,0.006351947784423828,0.5395431518554688,0.935028076171875
6,6,1.0,41,0,0.01599907875061035,1,0.0050580501556396484,0.41054821014404297,1.1197149753570557
6,6,1.0,42,0,0.014624834060668945,1,0.0084381103515625,0.6797480583190918,1.563882827758789
6,6,1.0,43,0,0.012831926345825195,1,0.005880117416381836,0.509221076965332,1.1453256607055664
6,6,1.0,44,0,0.010863065719604492,1,0.0051441192626953125,0.4368600845336914,1.0160868167877197
6,6,1.0,45,0,0.014576196670532227,1,0.006690263748168945,0.5621519088745117,1.0209593772888184
6,6,1.0,46,0,0.014660120010375977,1,0.005800962448120117,0.5156879425048828,1.056912899017334
6,6,1.0,47,0,0.016621112823486328,1,0.0053310394287109375,0.5534379482269287,1.048253059387207
6,6,1.0,48,0,0.010425806045532227,1,0.005110979080200195,0.29677891731262207,1.0067479610443115
6,6,1.0,49,0,0.01235198974609375,1,0.0072476863861083984,0.5387578010559082,0.9706621170043945
7,7,0.5,0,0,0.017063140869140625,0,0.0064849853515625,6.662834882736206,20.6380877494812
7,7,0.5,1,0,0.019140005111694336,0,0.006802082061767578,6.7144129276275635,20.405898094177246
7,7,0.5,2,0,0.0171048641204834,1,0.00669407844543457,5.906559944152832,20.583494186401367
7,7,0.5,3,0,0.015580177307128906,1,0.006364107131958008,7.225115776062012,20.75253415107727
7,7,0.5,4,0,0.020228147506713867,1,0.0060901641845703125,6.860876083374023,20.599321842193604
7,7,0.5,5,0,0.016839265823364258,0,0.006296873092651367,7.118876934051514,20.652946949005127
7,7,0.5,6,0,0.024554014205932617,1,0.005961179733276367,7.222844123840332,20.56224775314331
7,7,0.5,7,0,0.018274784088134766,0,0.00630497932434082,6.583974123001099,20.611909866333008
7,7,0.5,8,0,0.01735997200012207,0,0.006154060363769531,6.49766993522644,20.54648494720459
7,7,0.5,9,0,0.021155118942260742,1,0.007034778594970703,9.08804178237915,20.65066909790039
7,7,0.5,10,0,0.01775503158569336,1,0.0063800811767578125,7.258388996124268,20.56191897392273
7,7,0.5,11,0,0.023451805114746094,1,0.0064160823822021484,8.23743224143982,20.597015857696533
7,7,0.5,12,0,0.017892837524414062,1,0.0061779022216796875,7.142486095428467,20.823739767074585
7,7,0.5,13,0,0.01986217498779297,1,0.006516933441162109,7.106842041015625,20.403892993927002
7,7,0.5,14,0,0.01704096794128418,1,0.0062749385833740234,7.520632743835449,20.22656774520874
7,7,0.5,15,0,0.024859905242919922,1,0.006536960601806641,7.957546949386597,20.327815771102905
7,7,0.5,16,0,0.0172121524810791,0,0.005880832672119141,6.368866205215454,20.3642737865448
7,7,0.5,17,0,0.025861024856567383,1,0.006045818328857422,7.693878173828125,20.185552835464478
7,7,0.5,18,0,0.020628929138183594,0,0.0063822269439697266,7.864410877227783,19.889271020889282
7,7,0.5,19,0,0.020161151885986328,1,0.0058901309967041016,7.206496000289917,20.19274592399597
7,7,0.5,20,0,0.0221860408782959,1,0.005861997604370117,7.994170904159546,20.19768714904785
7,7,0.5,21,0,0.016925811767578125,0,0.006344795227050781,6.641118049621582,19.915825128555298
7,7,0.5,22,0,0.016597986221313477,0,0.005827903747558594,5.630846977233887,19.925123691558838
7,7,0.5,23,0,0.016862154006958008,1,0.005666017532348633,7.404860973358154,20.148880004882812
7,7,0.5,24,0,0.01809525489807129,0,0.0057621002197265625,5.239849090576172,19.87946891784668
7,7,0.5,25,0,0.01766800880432129,1,0.006320953369140625,7.992274045944214,20.25199007987976
7,7,0.5,26,0,0.019134998321533203,0,0.0061969757080078125,7.437240123748779,20.019587993621826
7,7,0.5,27,0,0.018807172775268555,1,0.005738973617553711,6.763812780380249,20.42118191719055
7,7,0.5,28,0,0.017913818359375,1,0.006384134292602539,7.143341064453125,20.11664390563965
7,7,0.5,29,0,0.017238855361938477,1,0.005879878997802734,8.19948410987854,20.17163610458374
7,7,0.5,30,0,0.016414880752563477,0,0.0057642459869384766,6.432796001434326,20.106842279434204
7,7,0.5,31,0,0.016678810119628906,0,0.0075299739837646484,5.904353857040405,20.168493032455444
7,7,0.5,32,0,0.018822908401489258,0,0.006022214889526367,5.65228533744812,19.802013874053955
7,7,0.5,33,0,0.021281003952026367,0,0.005827188491821289,6.429563045501709,19.996879816055298
7,7,0.5,34,0,0.016852855682373047,0,0.0058858394622802734,5.174973011016846,19.99306607246399
7,7,0.5,35,0,0.021010875701904297,0,0.0059812068939208984,5.016648769378662,20.135950088500977
7,7,0.5,36,0,0.019693851470947266,0,0.005815744400024414,5.856929063796997,20.28472590446472
7,7,0.5,37,0,0.018694162368774414,1,0.005667924880981445,7.08673620223999,20.147286891937256
7,7,0.5,38,0,0.018181800842285156,0,0.006016969680786133,6.693915843963623,20.06644082069397
7,7,0.5,39,0,0.01705193519592285,0,0.005896329879760742,14.848368167877197,19.966597080230713
7,7,0.5,40,0,0.017055988311767578,1,0.00629878044128418,7.6789867877960205,20.230687856674194
7,7,0.5,41,0,0.01683664321899414,0,0.006429910659790039,6.56708288192749,20.05519700050354
7,7,0.5,42,0,0.018802881240844727,0,0.005808830261230469,7.594778060913086,20.00615096092224
7,7,0.5,43,0,0.019980669021606445,1,0.006817817687988281,6.427907705307007,20.166563272476196
7,7,0.5,44,0,0.02529287338256836,1,0.005403041839599609,8.218472957611084,20.11681580543518
7,7,0.5,45,0,0.017626047134399414,1,0.005892038345336914,6.9071900844573975,20.292996168136597
7,7,0.5,46,0,0.01718592643737793,0,0.006355762481689453,5.758251905441284,20.003859043121338
7,7,0.5,47,0,0.019829988479614258,0,0.006345987319946289,6.3849241733551025,20.243608236312866
7,7,0.5,48,0,0.01737809181213379,0,0.006365060806274414,5.596297979354858,20.200145959854126
7,7,0.5,49,0,0.018524885177612305,0,0.005934000015258789,5.147780895233154,19.97329306602478
7,7,0.75,0,0,0.01630425453186035,1,0.006083011627197266,8.094758033752441,20.003646850585938
7,7,0.75,1,0,0.016448974609375,1,0.005798816680908203,9.39841604232788,19.9428448677063
7,7,0.75,2,0,0.018164873123168945,1,0.005964994430541992,8.346740961074829,20.145211935043335
7,7,0.75,3,0,0.015034914016723633,1,0.00603175163269043,8.046547889709473,20.152196884155273
7,7,0.75,4,0,0.017349958419799805,1,0.0065860748291015625,9.478456020355225,20.21236777305603
7,7,0.75,5,0,0.026342153549194336,1,0.006089925765991211,8.447012186050415,20.137305974960327
7,7,0.75,6,0,0.01816582679748535,1,0.005994081497192383,7.244029760360718,20.157150983810425
7,7,0.75,7,0,0.02027583122253418,1,0.006040096282958984,8.325094223022461,20.23098587989807
7,7,0.75,8,0,0.022867918014526367,1,0.005947113037109375,8.96144700050354,20.32308578491211
7,7,0.75,9,0,0.023694753646850586,1,0.005877017974853516,8.432102918624878,20.19809103012085
7,7,0.75,10,0,0.019854068756103516,1,0.005839109420776367,8.19476580619812,20.238151788711548
7,7,0.75,11,0,0.023846149444580078,1,0.006021738052368164,8.802006959915161,20.252384901046753
7,7,0.75,12,0,0.021023035049438477,1,0.0072519779205322266,7.1856420040130615,20.37169098854065
7,7,0.75,13,0,0.02322101593017578,1,0.0061948299407958984,8.239012002944946,20.1981360912323
7,7,0.75,14,0,0.02156209945678711,1,0.005841970443725586,9.107705116271973,20.323601007461548
7,7,0.75,15,0,0.023545026779174805,1,0.005621194839477539,8.77728009223938,20.234703063964844
7,7,0.75,16,0,0.02187490463256836,1,0.006092071533203125,8.413933277130127,20.17258381843567
7,7,0.75,17,0,0.02776503562927246,1,0.005677938461303711,8.399545192718506,20.16711664199829
7,7,0.75,18,0,0.017694950103759766,1,0.006287097930908203,8.273178100585938,20.258924961090088
7,7,0.75,19,0,0.021804094314575195,1,0.0059740543365478516,7.112334966659546,20.25680685043335
7,7,0.75,20,0,0.014414787292480469,1,0.006164073944091797,8.091021060943604,20.287919998168945
7,7,0.75,21,0,0.015448808670043945,0,0.006146907806396484,6.906734228134155,20.351697206497192
7,7,0.75,22,0,0.02392411231994629,1,0.00565791130065918,7.179417133331299,20.355913877487183
7,7,0.75,23,0,0.020328998565673828,1,0.0060291290283203125,6.7790749073028564,20.174346923828125
7,7,0.75,24,0,0.022897958755493164,1,0.005650043487548828,8.117085218429565,20.144529104232788
7,7,0.75,25,0,0.01868581771850586,1,0.005818843841552734,9.035444021224976,20.18810534477234
7,7,0.75,26,0,0.022481918334960938,1,0.0059320926666259766,9.43735408782959,20.262694835662842
7,7,0.75,27,0,0.016669273376464844,1,0.005591630935668945,9.441433906555176,20.13580298423767
7,7,0.75,28,0,0.020634174346923828,1,0.0061321258544921875,8.97300410270691,19.789695978164673
7,7,0.75,29,0,0.016144990921020508,1,0.006421089172363281,8.337229013442993,20.294320106506348
7,7,0.75,30,0,0.018114089965820312,1,0.0062520503997802734,8.80027437210083,20.279592752456665
7,7,0.75,31,0,0.016303062438964844,1,0.006300926208496094,10.550655841827393,20.24040699005127
7,7,0.75,32,0,0.02119588851928711,1,0.005728006362915039,6.9813148975372314,20.16458225250244
7,7,0.75,33,0,0.023193836212158203,1,0.006778717041015625,8.036722183227539,20.38683009147644
7,7,0.75,34,0,0.019342899322509766,1,0.005964040756225586,7.448750972747803,20.20710587501526
7,7,0.75,35,0,0.024926185607910156,1,0.005897045135498047,6.921019077301025,20.36627507209778
7,7,0.75,36,0,0.018786907196044922,1,0.005918025970458984,8.351300954818726,20.174164056777954
7,7,0.75,37,0,0.020996809005737305,1,0.006103038787841797,7.4350831508636475,20.24413800239563
7,7,0.75,38,0,0.02439713478088379,1,0.005939006805419922,7.145040035247803,20.25285005569458
7,7,0.75,39,0,0.01982593536376953,1,0.005995035171508789,9.607205867767334,20.220006942749023
7,7,0.75,40,0,0.024209022521972656,1,0.006503105163574219,8.650026082992554,19.870983839035034
7,7,0.75,41,0,0.02155923843383789,1,0.0060100555419921875,8.952661991119385,20.324078798294067
7,7,0.75,42,0,0.025406837463378906,1,0.00590825080871582,8.238282918930054,20.353867053985596
7,7,0.75,43,0,0.02138996124267578,0,0.005485057830810547,7.816109895706177,20.178819179534912
7,7,0.75,44,0,0.02263927459716797,1,0.005933046340942383,6.43289589881897,20.350462913513184
7,7,0.75,45,0,0.018373966217041016,1,0.007363080978393555,7.921312093734741,20.168986082077026
7,7,0.75,46,0,0.02272629737854004,1,0.006072044372558594,9.352122783660889,20.262062788009644
7,7,0.75,47,0,0.01977229118347168,1,0.007599830627441406,7.40875506401062,20.239436864852905
7,7,0.75,48,0,0.021123170852661133,1,0.006011962890625,6.825392723083496,20.358694076538086
7,7,0.75,49,0,0.017866134643554688,1,0.00586700439453125,7.14496111869812,20.23721694946289
7,7,1.0,0,0,0.0228879451751709,1,0.005980014801025391,10.121542930603027,20.09491491317749
7,7,1.0,1,0,0.021881103515625,1,0.0060100555419921875,7.9668920040130615,20.078099966049194
7,7,1.0,2,1,0.010394811630249023,1,0.006051063537597656,7.456217050552368,20.267717838287354
7,7,1.0,3,0,0.022385120391845703,1,0.006575107574462891,9.301892280578613,19.908642053604126
7,7,1.0,4,0,0.019681930541992188,1,0.006062030792236328,9.311498880386353,20.543129682540894
7,7,1.0,5,0,0.023099184036254883,1,0.005887031555175781,9.391207933425903,20.30502676963806
7,7,1.0,6,0,0.021639347076416016,1,0.0059130191802978516,7.19051718711853,20.392515897750854
7,7,1.0,7,0,0.022903919219970703,1,0.005877017974853516,9.579073667526245,20.270012855529785
7,7,1.0,8,0,0.0191800594329834,1,0.0061779022216796875,8.20461368560791,20.326679944992065
7,7,1.0,9,0,0.018068313598632812,1,0.004630088806152344,8.209768772125244,20.24703621864319
7,7,1.0,10,0,0.018582820892333984,1,0.005786895751953125,9.395011901855469,20.483575105667114
7,7,1.0,11,0,0.02314901351928711,1,0.005872249603271484,10.615078926086426,20.260587215423584
7,7,1.0,12,0,0.0224759578704834,1,0.005833864212036133,8.614617824554443,20.355475902557373
7,7,1.0,13,0,0.019531965255737305,1,0.006317853927612305,7.276616096496582,20.398478269577026
7,7,1.0,14,0,0.0232241153717041,1,0.005513906478881836,9.249390125274658,20.510174036026
7,7,1.0,15,0,0.022907257080078125,1,0.0077250003814697266,10.254269123077393,20.199990034103394
7,7,1.0,16,0,0.020507097244262695,1,0.0061419010162353516,9.362996816635132,20.333866119384766
7,7,1.0,17,0,0.025192975997924805,1,0.00574803352355957,7.00749397277832,20.33976697921753
7,7,1.0,18,0,0.024415016174316406,1,0.005805015563964844,8.291638135910034,20.263368844985962
7,7,1.0,19,0,0.02267765998840332,1,0.006433725357055664,10.5795316696167,20.212104082107544
7,7,1.0,20,0,0.01825881004333496,1,0.005878925323486328,8.213307857513428,20.212647914886475
7,7,1.0,21,0,0.0219271183013916,1,0.006078958511352539,8.568323135375977,20.30680203437805
7,7,1.0,22,0,0.015478134155273438,1,0.006447792053222656,10.503691673278809,20.254948139190674
7,7,1.0,23,0,0.02113199234008789,1,0.006147146224975586,8.462347030639648,20.19934630393982
7,7,1.0,24,0,0.017093181610107422,1,0.00596308708190918,7.22087287902832,20.263182163238525
7,7,1.0,25,0,0.015986204147338867,1,0.006571054458618164,9.523725986480713,20.26771378517151
7,7,1.0,26,0,0.016630887985229492,1,0.006027698516845703,9.298105955123901,20.290999174118042
7,7,1.0,27,0,0.01979804039001465,1,0.006373167037963867,8.2781240940094,20.478706121444702
7,7,1.0,28,0,0.024472713470458984,1,0.00604701042175293,8.35421895980835,20.32121205329895
7,7,1.0,29,0,0.021505117416381836,1,0.006317853927612305,8.476680994033813,20.424657344818115
7,7,1.0,30,0,0.017641782760620117,1,0.007184028625488281,7.2024829387664795,20.388149976730347
7,7,1.0,31,0,0.016624927520751953,1,0.005922079086303711,10.30946683883667,20.370689153671265
7,7,1.0,32,0,0.02427220344543457,1,0.005850791931152344,9.877192974090576,20.400533199310303
7,7,1.0,33,0,0.020299911499023438,1,0.006228923797607422,8.602147102355957,20.331315994262695
7,7,1.0,34,0,0.01615595817565918,1,0.006014108657836914,8.363173007965088,20.353254079818726
7,7,1.0,35,0,0.021847009658813477,1,0.006445884704589844,10.230101108551025,20.468016147613525
7,7,1.0,36,0,0.019772052764892578,1,0.006308078765869141,9.795208930969238,20.340078115463257
7,7,1.0,37,0,0.019979000091552734,1,0.005950212478637695,8.85315203666687,20.39327383041382
7,7,1.0,38,0,0.022942066192626953,1,0.005687236785888672,8.490852117538452,20.39574670791626
7,7,1.0,39,0,0.017349958419799805,1,0.006398916244506836,9.458181858062744,20.50058603286743
7,7,1.0,40,0,0.01617574691772461,1,0.006058692932128906,10.194736957550049,20.261677980422974
7,7,1.0,41,0,0.016328811645507812,1,0.007176876068115234,8.916893005371094,20.34679102897644
7,7,1.0,42,0,0.0214998722076416,1,0.005992889404296875,8.485111713409424,20.429113149642944
7,7,1.0,43,0,0.017564058303833008,1,0.006330013275146484,8.17495608329773,20.411107063293457
7,7,1.0,44,0,0.022565126419067383,1,0.005680084228515625,9.659016847610474,20.298535108566284
7,7,1.0,45,0,0.021136045455932617,1,0.006278276443481445,8.31537413597107,20.42715096473694
7,7,1.0,46,0,0.025141000747680664,1,0.00598597526550293,8.170145988464355,20.33327603340149
7,7,1.0,47,0,0.019456148147583008,1,0.006365776062011719,8.251926898956299,20.305742025375366
7,7,1.0,48,0,0.017256736755371094,1,0.005981922149658203,8.948828935623169,20.27687978744507
7,7,1.0,49,0,0.019880056381225586,1,0.007109165191650391,8.103577852249146,20.32391619682312
